Node,Closeness_Centrality
107,0.43003013149413044
1684,0.35560183950476176
428,0.34870960898528763
1534,0.34076613440128695
1577,0.3405627439731825
1085,0.34021463895378906
1718,0.33923219477811145
1165,0.3388868030983781
1465,0.33734120450316585
1687,0.3368291331858226
0,0.333705394044405
414,0.3293847815699723
171,0.3289507380429488
348,0.32824785185054933
1666,0.3258643926994766
484,0.3257580834611764
566,0.32562529441688276
526,0.32467239971691464
475,0.32438234884410655
366,0.32396138059189583
1420,0.32390883637316387
517,0.323410515086436
1835,0.3226268062453541
1405,0.3224184582916923
641,0.32231438519347033
1663,0.322262373835524
651,0.322210379260849
1358,0.3217950258876478
1074,0.32158775050865407
1505,0.32156185985971214
1317,0.321484212919952
1536,0.32140660346966154
601,0.32132903148169617
1126,0.32127733762206273
1098,0.32127733762206273
1334,0.32119982801105623
1574,0.32096752341027673
1237,0.32086438474594187
1621,0.32086438474594187
1376,0.32083861043597756
925,0.32081284026646456
1656,0.32081284026646456
1289,0.3207098009729793
1522,0.32063256492875364
1758,0.32058109489665976
990,0.3203753799083568
1374,0.32022126684177693
1193,0.32022126684177693
1450,0.32019559574454737
1555,0.32019559574454737
1320,0.32009295250180186
1509,0.3199903750454642
1171,0.3199903750454642
1511,0.3198878633123085
420,0.3198110226052914
1642,0.3197854172391901
1618,0.3197598159728992
1593,0.3197598159728992
1360,0.3197598159728992
1300,0.31973421880543423
1537,0.31973421880543423
1313,0.319683036763045
1549,0.31963187110415203
1567,0.31952958890539873
1114,0.3194784723498228
1425,0.3194784723498228
1803,0.3193762882870209
1778,0.3193507524840077
1702,0.3193252207641097
1485,0.31919762337708657
1518,0.31917211613532714
1178,0.31917211613532714
1187,0.31917211613532714
1705,0.31917211613532714
1421,0.31914661296983493
1883,0.31914661296983493
1825,0.31914661296983493
1408,0.3190446410510012
1494,0.3190191582521952
1446,0.31896820486483657
1740,0.31894273427433395
1410,0.3187645539758567
1688,0.31873911589797177
1013,0.31858657265035367
1312,0.3185357573424902
1210,0.318459564767779
1070,0.3184087899647229
962,0.3183326581109017
1782,0.3182819237642429
1327,0.3182565626547796
1028,0.31818050357026084
915,0.31812981770748583
1777,0.31800317367177416
1909,0.3178260413239026
1911,0.3178007528101117
1863,0.3178007528101117
1458,0.3172202256625752
1626,0.3171446610542706
1338,0.31701880000932486
1196,0.31699363978710193
951,0.3164411235396517
1817,0.3160905240042327
1197,0.315890529999801
1808,0.31581559747904514
1912,0.31467106762132546
637,0.31296974309022757
606,0.31235785260948495
353,0.31102007952947236
363,0.3098138272818402
596,0.30950173276384996
58,0.3094537740232032
538,0.3092620875971726
1584,0.30833100674058084
1800,0.3073345538102096
1730,0.3073109072337835
1612,0.3072163573046292
1427,0.3071927289122815
1888,0.30712186553767656
1844,0.30693305627583833
1622,0.30693305627583833
1768,0.30681516832981137
1173,0.3067209231544681
946,0.3066973709066639
1620,0.306579663902171
1604,0.30646204721226766
1199,0.30646204721226766
1080,0.3064385347028912
1692,0.30641502580111113
1783,0.3062975353771077
1746,0.3062740481034801
1431,0.3062740481034801
1155,0.306227084360767
1435,0.306227084360767
1897,0.3062036078900249
1399,0.30618013501858826
629,0.30618013501858826
1377,0.3061566657456296
1833,0.30608627950934814
1467,0.30606282462202944
1367,0.30606282462202944
1726,0.3059456040840662
1122,0.3059456040840662
1175,0.3059456040840662
1545,0.3059456040840662
1827,0.3058753148504736
1357,0.3058753148504736
1804,0.30585189228252424
1390,0.30585189228252424
1589,0.3058284733014919
1881,0.30578164609688285
1813,0.30573483323005846
1645,0.30573483323005846
1559,0.30573483323005846
1613,0.3056880346944347
1557,0.3056880346944347
1204,0.30566464079876665
1095,0.30564125048343155
1184,0.30554772500898747
1791,0.30552435258299426
1551,0.30552435258299426
1882,0.30550098373240664
1707,0.30550098373240664
1714,0.30550098373240664
649,0.3054542567541667
1146,0.3054542567541667
1630,0.3054308986248745
1032,0.30540754406770787
1391,0.30538419308184755
1250,0.3053608456664743
927,0.3053608456664743
1211,0.3053608456664743
953,0.3052908248350901
1794,0.3052908248350901
1674,0.30526749169347933
1729,0.30524416211826394
1610,0.3052208361086263
1893,0.3052208361086263
993,0.30519751366374903
1049,0.30519751366374903
1742,0.3051741947828151
1871,0.3051741947828151
1600,0.3051508794650076
1516,0.3051508794650076
1864,0.30512756770950983
1066,0.3051042595155056
1025,0.3051042595155056
1590,0.3051042595155056
1075,0.30505765380871336
968,0.30501106233810493
1222,0.30501106233810493
1020,0.30501106233810493
1554,0.30496448509715846
1076,0.30494120181077145
1006,0.304917922079356
1790,0.304894645902098
1736,0.304894645902098
1828,0.304894645902098
1447,0.304894645902098
1675,0.304894645902098
1429,0.30487137327818364
1661,0.30487137327818364
1614,0.30487137327818364
1879,0.30484810420679925
1272,0.30484810420679925
1662,0.30484810420679925
1029,0.3048248386871315
1480,0.3048248386871315
1148,0.3048248386871315
1793,0.3048015767183672
1677,0.3048015767183672
1269,0.3047550634302979
1191,0.3047550634302979
1166,0.30473181210936784
1861,0.30473181210936784
1820,0.3047085643360912
1761,0.3047085643360912
1416,0.30468532010965627
1495,0.30468532010965627
1514,0.30468532010965627
1720,0.3046620794292512
980,0.3046620794292512
1331,0.3046620794292512
1332,0.3046620794292512
1867,0.3046388422940648
1230,0.3046388422940648
1182,0.3046388422940648
1757,0.3046388422940648
1018,0.3046388422940648
1001,0.3046388422940648
1765,0.30461560870328586
1153,0.30461560870328586
936,0.3045923786561034
1679,0.3045923786561034
1669,0.3045923786561034
913,0.3045923786561034
1609,0.3045923786561034
954,0.3045691521517069
916,0.30454592918928586
1113,0.30454592918928586
1488,0.30454592918928586
1694,0.30454592918928586
1255,0.3045227097680302
1256,0.3045227097680302
1907,0.3045227097680302
1124,0.30449949388713
1303,0.30449949388713
1099,0.30449949388713
1243,0.30449949388713
1456,0.30449949388713
1101,0.3044762815457756
1751,0.3044762815457756
1079,0.3044762815457756
1721,0.3044762815457756
1436,0.3044762815457756
1102,0.3044530727431576
1330,0.3044530727431576
1608,0.3044530727431576
1902,0.3044530727431576
1335,0.3044298674784668
1267,0.3044066657508943
1324,0.3044066657508943
1132,0.3044066657508943
1529,0.30438346755963147
1396,0.30438346755963147
1570,0.30438346755963147
1491,0.3043370817828013
1305,0.3043370817828013
1732,0.3043370817828013
1812,0.3043370817828013
1565,0.3043370817828013
1341,0.3043138941956178
1223,0.3043138941956178
1816,0.3043138941956178
1108,0.3042907101415118
1513,0.3042675296196758
1284,0.3042675296196758
1689,0.3042675296196758
1597,0.3042675296196758
1454,0.30424435262930255
984,0.30424435262930255
1125,0.3042211791695852
1291,0.3042211791695852
1735,0.3042211791695852
1766,0.304198009239717
1344,0.304198009239717
1214,0.304198009239717
1845,0.304198009239717
1848,0.304198009239717
934,0.304198009239717
1547,0.30417484283889146
1809,0.30415167996630244
1382,0.30415167996630244
1886,0.30415167996630244
1851,0.30415167996630244
1400,0.30415167996630244
1117,0.304128520621144
948,0.304128520621144
1741,0.304128520621144
1052,0.30408221250989603
967,0.30408221250989603
1706,0.30408221250989603
1520,0.30408221250989603
1619,0.30408221250989603
1281,0.30405906374219577
1472,0.30405906374219577
1763,0.30405906374219577
1172,0.30405906374219577
1563,0.30403591849870476
1849,0.30403591849870476
1752,0.30403591849870476
1370,0.30403591849870476
1290,0.30401277677861804
1606,0.30401277677861804
1658,0.3039665039054402
1643,0.3039665039054402
1409,0.30394337275074074
1302,0.30394337275074074
1163,0.30392024511622917
1617,0.30392024511622917
1149,0.30392024511622917
919,0.30392024511622917
1703,0.30392024511622917
1235,0.30392024511622917
1528,0.303897121001102
1870,0.303897121001102
1209,0.303874000404556
1271,0.303874000404556
1530,0.303874000404556
1695,0.303874000404556
906,0.303850883325788
1573,0.303850883325788
1242,0.303850883325788
1459,0.3038277697639954
1699,0.3038046597183756
1519,0.3038046597183756
1460,0.3038046597183756
1423,0.3038046597183756
1026,0.3038046597183756
1205,0.3038046597183756
1789,0.3037815531881262
1850,0.3037815531881262
1561,0.30375845017244535
1660,0.30375845017244535
1682,0.3037353506705311
1448,0.3037353506705311
1273,0.303712254681582
1083,0.303712254681582
960,0.303712254681582
1712,0.303712254681582
978,0.3036891622047965
1492,0.3036891622047965
1644,0.3036891622047965
1744,0.3036891622047965
1345,0.30366607323937383
1623,0.30366607323937383
1724,0.30366607323937383
1685,0.303642987784513
1539,0.303642987784513
1371,0.30361990583941345
1156,0.3035968274032748
1464,0.3035968274032748
1444,0.3035968274032748
933,0.3035968274032748
1060,0.3035968274032748
1885,0.3035737524752971
1876,0.303527613140625
1753,0.303527613140625
1632,0.303527613140625
1181,0.3035045487323316
1659,0.3035045487323316
1639,0.3035045487323316
997,0.30348148782900114
957,0.30345843042983467
1737,0.30345843042983467
1198,0.30345843042983467
1402,0.30345843042983467
1067,0.30345843042983467
1754,0.3034353765340336
1189,0.3034353765340336
1322,0.3034353765340336
1583,0.3034353765340336
1160,0.3034123261407995
1894,0.3034123261407995
1580,0.3034123261407995
1525,0.3033892792493341
1807,0.3033892792493341
1860,0.3033892792493341
1605,0.3033892792493341
1024,0.3033892792493341
952,0.30336623585883976
1625,0.30334319596851855
905,0.30334319596851855
1054,0.30334319596851855
1207,0.3033201595775732
1231,0.3033201595775732
1388,0.3033201595775732
1795,0.3032971266852065
1470,0.3032971266852065
1437,0.3032971266852065
1366,0.30327409729062144
1123,0.30327409729062144
1393,0.30327409729062144
1142,0.30327409729062144
999,0.3032510713930213
1323,0.3032280489916098
1538,0.3032280489916098
1631,0.3032280489916098
1652,0.3032050300855905
1773,0.3032050300855905
976,0.3032050300855905
1280,0.3031820146741676
1469,0.3031820146741676
1351,0.3031590027565453
1653,0.3031590027565453
1258,0.3031590027565453
1877,0.30313599433192806
1047,0.30313599433192806
1891,0.30313599433192806
994,0.30313599433192806
1183,0.30313599433192806
1591,0.3031129893995207
1716,0.3031129893995207
1796,0.30308998795852815
1221,0.30308998795852815
897,0.30308998795852815
1715,0.3030669900081557
1647,0.3030669900081557
1738,0.3030669900081557
563,0.3030669900081557
1811,0.3030439955476088
1278,0.3030439955476088
1770,0.3030439955476088
995,0.30302100457609316
1287,0.30299801709281476
1340,0.30299801709281476
1571,0.30297503309697976
1722,0.30297503309697976
1654,0.30295205258779456
1422,0.30295205258779456
982,0.30295205258779456
991,0.30295205258779456
1544,0.30295205258779456
1112,0.30295205258779456
932,0.30295205258779456
1535,0.30295205258779456
1462,0.302929075564466
1818,0.3029061020262008
1457,0.3029061020262008
1678,0.3029061020262008
1040,0.3028831319722063
1265,0.3028831319722063
1772,0.3028831319722063
1215,0.3028601654016897
1130,0.3028601654016897
1671,0.30283720231385886
1056,0.30283720231385886
1569,0.30281424270792145
1628,0.30281424270792145
1261,0.30279128658308574
1496,0.30279128658308574
1611,0.30279128658308574
1296,0.30279128658308574
1502,0.30276833393856
1180,0.30276833393856
1455,0.30276833393856
1734,0.30274538477355295
1219,0.30274538477355295
1037,0.30274538477355295
1195,0.3027224390872733
1229,0.3027224390872733
1576,0.3027224390872733
1293,0.3026994968789302
983,0.3026994968789302
1282,0.302676558147733
1389,0.302676558147733
1636,0.302676558147733
1068,0.302676558147733
1542,0.302676558147733
1872,0.302676558147733
1227,0.3026536228928911
1832,0.3026536228928911
1347,0.3026306911136145
1578,0.3026306911136145
1831,0.3026077628091131
1336,0.3026077628091131
1164,0.3026077628091131
1140,0.3026077628091131
1311,0.3025848379785973
1451,0.3025848379785973
1585,0.3025848379785973
1899,0.30256191662127746
1572,0.30256191662127746
1152,0.30256191662127746
1524,0.3025389987363645
1268,0.3025389987363645
1596,0.3025389987363645
1365,0.3025389987363645
1441,0.3025389987363645
1843,0.3025160843230693
1158,0.3025160843230693
1497,0.3025160843230693
973,0.3025160843230693
1650,0.30249317338060316
1553,0.3024702659081775
1723,0.3024702659081775
1507,0.3024702659081775
1710,0.3024473619050041
1021,0.3024473619050041
1247,0.30242446137029483
1857,0.30242446137029483
1413,0.30242446137029483
1009,0.30242446137029483
1011,0.30242446137029483
1774,0.30242446137029483
1398,0.3024015643032619
1062,0.3024015643032619
1121,0.3024015643032619
1477,0.3024015643032619
1170,0.3024015643032619
1532,0.3024015643032619
975,0.30237867070311786
1824,0.30237867070311786
1384,0.30237867070311786
1517,0.30235578056907525
1100,0.30235578056907525
924,0.30235578056907525
1801,0.302332893900347
1411,0.302332893900347
944,0.302332893900347
959,0.302332893900347
1246,0.302332893900347
1298,0.3023100106961462
922,0.3023100106961462
1294,0.3022871309556863
1036,0.3022871309556863
1853,0.3022871309556863
1701,0.302264254678181
1266,0.302264254678181
1552,0.302264254678181
1041,0.302264254678181
1655,0.30224138186284405
1432,0.30224138186284405
1846,0.30224138186284405
1426,0.30221851250888954
1116,0.30221851250888954
1508,0.30221851250888954
1245,0.30221851250888954
941,0.30221851250888954
1348,0.30219564661553183
1445,0.30217278418198545
1129,0.30217278418198545
1482,0.30217278418198545
1531,0.30217278418198545
1120,0.3021499252074653
1082,0.3021270696911864
1259,0.3021270696911864
1527,0.3021270696911864
1337,0.3021270696911864
1283,0.3021270696911864
1500,0.30210421763236395
1830,0.30210421763236395
1463,0.30210421763236395
1587,0.30210421763236395
1010,0.30210421763236395
1292,0.30210421763236395
1321,0.3020813690302136
1646,0.3020813690302136
1453,0.3020813690302136
1781,0.302058523883951
1906,0.302058523883951
1841,0.302058523883951
1649,0.302058523883951
1859,0.302058523883951
1461,0.3020356821927922
1379,0.3020356821927922
981,0.3020356821927922
1743,0.3020356821927922
1143,0.30201284395595346
1299,0.30201284395595346
1771,0.30201284395595346
963,0.3019900091726512
1484,0.3019900091726512
1039,0.3019900091726512
1257,0.3019671778421021
1035,0.3019671778421021
1904,0.3019671778421021
949,0.3019671778421021
1805,0.3019671778421021
1007,0.3019671778421021
1404,0.3019671778421021
1681,0.30194434996352315
1008,0.30194434996352315
1624,0.30194434996352315
1638,0.30194434996352315
1428,0.30194434996352315
1315,0.30192152553613155
1582,0.30192152553613155
988,0.30192152553613155
964,0.3018987045591447
1533,0.3018987045591447
1501,0.3018987045591447
1873,0.3018987045591447
965,0.3018758870317802
1169,0.3018758870317802
920,0.3018758870317802
907,0.3018758870317802
1503,0.3018758870317802
971,0.3018758870317802
1063,0.3018758870317802
1785,0.3018530729532561
1634,0.3018530729532561
923,0.3018530729532561
1439,0.3018530729532561
1188,0.3018530729532561
1316,0.3018302623227903
1106,0.3018302623227903
1306,0.3018302623227903
1274,0.3018302623227903
1087,0.3018302623227903
1392,0.30180745513960133
931,0.30180745513960133
1415,0.30180745513960133
1167,0.30180745513960133
1670,0.30180745513960133
1064,0.3017846514029078
1042,0.3017846514029078
1069,0.3017618511119284
903,0.3017618511119284
1190,0.30173905426588227
1550,0.30173905426588227
1672,0.30173905426588227
1903,0.3016934709054675
1764,0.3016934709054675
1286,0.3016934709054675
1225,0.3016934709054675
1866,0.3016934709054675
1566,0.3016934709054675
1489,0.30167068438953804
1213,0.30167068438953804
938,0.30167068438953804
992,0.30167068438953804
1739,0.3016479013154206
1385,0.3016479013154206
1022,0.3016479013154206
1822,0.3016479013154206
1310,0.3016251216823353
1115,0.3016251216823353
1091,0.3016251216823353
1874,0.3016251216823353
1875,0.3016251216823353
1044,0.3016251216823353
1728,0.30160234548950265
1139,0.30160234548950265
1481,0.30160234548950265
1103,0.30160234548950265
1910,0.30160234548950265
914,0.30160234548950265
1884,0.30157957273614344
1263,0.30157957273614344
1239,0.30157957273614344
972,0.30157957273614344
929,0.30157957273614344
1438,0.3015568034214786
1131,0.3015568034214786
977,0.30153403754472924
1592,0.30153403754472924
1704,0.30151127510511694
1696,0.30151127510511694
1212,0.30146576053419005
1895,0.30146576053419005
908,0.30146576053419005
1244,0.30144300840131955
1869,0.30144300840131955
1633,0.3014202597024741
1387,0.30139751443687623
1908,0.30139751443687623
1150,0.30139751443687623
1005,0.3013747726037489
1698,0.30135203420231504
1629,0.30132929923179813
1905,0.3013065676914215
1364,0.3013065676914215
940,0.3013065676914215
1651,0.3013065676914215
1127,0.3013065676914215
1562,0.30128383958040916
1498,0.3012611148979849
1228,0.3012611148979849
1220,0.3012383936433731
1847,0.30121567581579817
1749,0.30119296141448487
1806,0.30119296141448487
961,0.30119296141448487
1308,0.30119296141448487
1424,0.3011702504386581
998,0.3011702504386581
1775,0.3011702504386581
1756,0.3011702504386581
1136,0.3011702504386581
1097,0.3011702504386581
1615,0.3011702504386581
1452,0.3011702504386581
1141,0.3011475428875431
1118,0.3011475428875431
939,0.3011475428875431
1216,0.3011475428875431
1476,0.30112483876036517
1356,0.30112483876036517
1601,0.3011021380563501
1478,0.3011021380563501
901,0.3011021380563501
943,0.3011021380563501
1094,0.3011021380563501
1588,0.30105674691471196
1147,0.30105674691471196
1333,0.30105674691471196
1798,0.30105674691471196
1232,0.3010340564755415
935,0.3010340564755415
1144,0.3010340564755415
1880,0.3010340564755415
1234,0.3010113694564386
1249,0.3010113694564386
1731,0.3010113694564386
1023,0.3010113694564386
1342,0.3010113694564386
1889,0.3009886858566303
1328,0.3009886858566303
1057,0.3009886858566303
1797,0.3009886858566303
1137,0.3009660056753435
1468,0.3009660056753435
1568,0.3009660056753435
1433,0.3009660056753435
1319,0.3009433289118056
912,0.3009433289118056
1493,0.3009433289118056
1748,0.3009433289118056
1000,0.3009433289118056
1417,0.3009433289118056
1233,0.3009433289118056
1090,0.30092065556524406
1134,0.30092065556524406
1641,0.30092065556524406
1747,0.30092065556524406
1133,0.30089798563488657
1442,0.30089798563488657
1297,0.3008753191199611
1648,0.3008753191199611
1162,0.3008753191199611
1760,0.300852656019696
1033,0.300852656019696
1154,0.300852656019696
1325,0.300852656019696
1676,0.300852656019696
1599,0.3008299963333196
1602,0.3008299963333196
1168,0.3008299963333196
1058,0.30080734006006055
1177,0.30080734006006055
1784,0.30080734006006055
1664,0.30080734006006055
1251,0.3007846871991478
986,0.3007846871991478
937,0.3007846871991478
1711,0.3007846871991478
1486,0.3007846871991478
1053,0.3007846871991478
1093,0.30076203774981053
1186,0.30076203774981053
1510,0.30076203774981053
1521,0.30073939171127806
1708,0.30073939171127806
1061,0.30073939171127806
1038,0.30073939171127806
1301,0.30071674908278
1840,0.30071674908278
1865,0.30071674908278
945,0.30071674908278
1248,0.30071674908278
1856,0.3006941098635462
1690,0.3006941098635462
1346,0.3006941098635462
950,0.3006714740528067
974,0.3006714740528067
1443,0.3006714740528067
904,0.3006488416497918
987,0.300626212653732
1802,0.3006035870638582
985,0.3006035870638582
1896,0.3006035870638582
1176,0.3006035870638582
1640,0.3005809648794012
956,0.3005809648794012
1151,0.3005809648794012
1383,0.3005809648794012
1264,0.3005809648794012
1202,0.3005809648794012
1755,0.3005583460995925
1759,0.3005583460995925
1354,0.3005583460995925
1050,0.3005583460995925
928,0.3005357307236632
1254,0.3005357307236632
1043,0.3005357307236632
1762,0.30051311875084524
1776,0.30051311875084524
1218,0.30051311875084524
910,0.30051311875084524
1372,0.30051311875084524
1353,0.30051311875084524
1111,0.3004905101803705
955,0.3004905101803705
1138,0.3004905101803705
1788,0.3004905101803705
1499,0.300467905011471
1203,0.300467905011471
1362,0.300467905011471
1368,0.300467905011471
1838,0.30044530324337926
1890,0.30044530324337926
1579,0.30042270487532785
979,0.30042270487532785
1430,0.30040010990654964
1016,0.30040010990654964
1558,0.30040010990654964
1403,0.30035493016374526
1200,0.30035493016374526
1240,0.30035493016374526
1607,0.3003323453881859
1105,0.3003323453881859
899,0.30030976400883336
1586,0.30030976400883336
1627,0.30030976400883336
1546,0.30030976400883336
1046,0.30030976400883336
1002,0.30030976400883336
1071,0.30030976400883336
1657,0.30030976400883336
1253,0.30030976400883336
1065,0.3002871860249217
1693,0.3002871860249217
1854,0.3002871860249217
1326,0.3002871860249217
1252,0.3002871860249217
1224,0.30026461143568517
1208,0.30026461143568517
1394,0.30026461143568517
1119,0.3002420402403581
1145,0.3002420402403581
911,0.3002420402403581
1466,0.3002420402403581
1096,0.3002420402403581
1581,0.3002420402403581
1834,0.3002420402403581
1560,0.3002420402403581
1395,0.3002420402403581
1386,0.3002420402403581
1206,0.3002420402403581
918,0.3002420402403581
567,0.29559797671088545
1369,0.2925023699243855
483,0.2925023699243855
1329,0.2875329250102573
1419,0.28547779724948064
376,0.28460309685887725
1077,0.2844206979504012
1361,0.2826294835350611
412,0.28244960478873377
3173,0.28240966282383395
559,0.28205069284072337
2885,0.2816529060938921
3003,0.2816529060938921
524,0.28153378877264285
373,0.2813949458445459
2814,0.2811770405714526
400,0.280999005298824
395,0.280919950859297
513,0.28062389245538427
465,0.2804662496536398
419,0.2804268666234279
553,0.28028911307491117
3437,0.28017114627647893
492,0.28009255689463425
1523,0.28003364378584333
423,0.28001401158984046
604,0.2798766632553769
561,0.27964152218143834
1483,0.27956322960155977
497,0.27956322960155977
461,0.27903589921178457
520,0.2789969168285474
2199,0.2788605642196107
542,0.27880216817796205
921,0.27851055444651585
2283,0.2783358788374553
2032,0.27825831554392394
2384,0.27781316417315743
2629,0.27781316417315743
2471,0.27773589189329556
2072,0.27769727187078386
2491,0.27762006403819306
456,0.2775428991256677
2143,0.2775428991256677
2189,0.27748505358604164
2054,0.27746577709742853
2463,0.2774465032868494
2461,0.2773309166308488
2247,0.27725391235023494
402,0.2772154262435788
2081,0.2771384860753181
2117,0.277061588604154
392,0.27696552675386477
2174,0.2769271206626558
1932,0.2769271206626558
2475,0.2769271206626558
417,0.27686953149296295
2138,0.27681196627053045
2279,0.27677360275223367
2187,0.2767352498661043
2153,0.2767160774087214
2617,0.2766010984291887
645,0.2764862149603685
2133,0.27637142688330224
2649,0.27635230480298095
2223,0.27633318536858203
2183,0.2762567340792284
2398,0.2761994233675046
2038,0.2761803250807277
2533,0.2761612294349363
2458,0.2759704181107914
2436,0.27585605782978684
2042,0.2757798702836073
2135,0.2757798702836073
2643,0.27576082997220963
2472,0.2756466432931321
2102,0.27528567518901953
1955,0.2752667030542718
451,0.275190840658501
34,0.2751339712969266
2445,0.27484997669401895
2502,0.2746609724465331
2203,0.2742272476016124
471,0.2741707757631442
1128,0.2739827041650078
1780,0.2736260780514821
1440,0.27353238332539953
1078,0.2735136520795374
136,0.27308354036082894
2543,0.27295290516759957
2007,0.2721902590512119
2333,0.27189379586912754
2598,0.27180128351939326
1941,0.27156104577899676
2555,0.27152412381492075
2319,0.2713396644916769
1852,0.2713212323427406
2642,0.2713212323427406
2282,0.27128437555644125
2510,0.2712475287821721
2149,0.2712475287821721
1540,0.2712106920158541
1920,0.27113704849076664
1161,0.2711002417238501
2509,0.27104505030656106
2111,0.27104505030656106
2068,0.27104505030656106
2196,0.27098988135677343
2071,0.27093473486077085
2028,0.27091635768279754
2180,0.270897982997659
2508,0.270879610804848
2224,0.270879610804848
2344,0.27084287389418077
2052,0.2708245091753108
2148,0.2707327229253361
1954,0.27071437314067265
2336,0.2706960258432724
2292,0.27065933870823905
1926,0.2706409988695951
2468,0.2705859942630908
2132,0.2704943695867184
1352,0.27042111451032386
2151,0.2704028069404566
2343,0.2703296014428077
2294,0.27031130626133487
2592,0.27031130626133487
2302,0.2702564355719253
2267,0.2702564355719253
2567,0.2702381502921166
2451,0.27020158715447734
2511,0.2701284905530559
2394,0.27003717539838307
2582,0.2700189197753843
2053,0.2700006666205289
2144,0.26996416771324666
1750,0.26996416771324666
2239,0.26989119949439044
2194,0.2698364992107475
2351,0.26981827070982123
2608,0.2697635999809188
2289,0.26974538132758047
862,0.26974538132758047
3101,0.269672531315744
2176,0.2696543249606727
2169,0.26963612106376045
2542,0.26956333004774813
2134,0.26954513843416683
2315,0.2694905783224805
2026,0.2694905783224805
2372,0.26947239652661475
3263,0.26947239652661475
2332,0.26945421718393603
2191,0.2693451926169994
2377,0.26930887069769294
2420,0.269290713411373
1940,0.2692544061829233
2869,0.2692544061829233
2273,0.2691092751190866
2529,0.2690911447360698
2062,0.2690548912979107
2010,0.2689643004254198
3100,0.26892808115523054
2264,0.26892808115523054
2285,0.2689099751779091
1994,0.2688556718711284
3290,0.26881948184933935
2589,0.2686567472467535
2293,0.2686206107550934
2327,0.26860254615450463
2399,0.2685483669278212
2101,0.2685483669278212
3278,0.26845811677090226
1916,0.26844007401824616
1717,0.26844007401824616
2653,0.2684039957877484
3385,0.2683859603089292
2547,0.2683498966217068
2163,0.26833186841232676
2838,0.26829581925958784
1603,0.26827779831525284
2198,0.2682057387400943
2883,0.2681877298944124
2516,0.2681877298944124
438,0.268169723466999
1059,0.2681337178650298
2031,0.2681157186895002
2330,0.26809772193029163
391,0.2680437461457274
2605,0.2680257590469389
3245,0.26800777436204015
3265,0.2679538347858234
2417,0.2679538347858234
2979,0.2679178871288895
2003,0.2678999169171295
2389,0.2677921462499151
1086,0.2677741929014135
2155,0.267756241960011
1135,0.2677382934252235
3020,0.2677382934252235
3248,0.26768446225571235
3222,0.2675768648300049
549,0.2675768648300049
431,0.2675589403347725
1017,0.2675589403347725
2968,0.2675051812549383
515,0.2675051812549383
1048,0.2675051812549383
3830,0.2674335360775015
2185,0.26741563077915664
378,0.2673977278782542
1839,0.2673977278782542
514,0.26732614023944073
1665,0.2672188306226992
500,0.2670937449055426
2707,0.2670937449055426
507,0.26705802763556324
2298,0.26705802763556324
1003,0.26704017258256896
2822,0.2669866217458211
3361,0.2669152540308396
947,0.266861753278378
1307,0.266861753278378
1637,0.26673700155719804
3756,0.2667191894035048
3633,0.2667191894035048
436,0.2667191894035048
3495,0.2666835722319212
2496,0.2666479645715658
1683,0.2666301643069081
3577,0.2666123664186292
3851,0.26655898700730674
591,0.26652341260626483
1719,0.2664522922826874
3677,0.26643451813204483
3962,0.26641674635255364
580,0.2663989769437393
2047,0.2663989769437393
1185,0.26638120990512765
3540,0.2662924102485155
3525,0.26622141313853787
3750,0.26620366977589205
3721,0.2661859287782395
3943,0.2661681901451075
3440,0.2661504538760235
3651,0.2661504538760235
3019,0.26609725924833333
370,0.2660795324307164
3550,0.2660086487723932
3556,0.2659555108081958
3741,0.2659378028708625
3872,0.26590239406946836
2347,0.26583160474658796
544,0.2657785374845278
930,0.2657431710790076
3406,0.26565479622996235
404,0.2656371283132139
1823,0.2656371283132139
1819,0.26561946274639114
1179,0.2655135186676517
3168,0.26540765906820946
614,0.26539002400780626
482,0.26537239129077694
444,0.265337132884972
1004,0.2653018838470597
430,0.26528426283989665
2764,0.2652490278468245
1799,0.265178585932644
3082,0.2651081814229048
3291,0.2650905861364229
2742,0.2650554025693466
2951,0.2649674844976439
2863,0.2649499078817568
3320,0.2649147616447227
3295,0.26489719202264783
3051,0.26489719202264783
2087,0.26489719202264783
2716,0.2648269368331444
3434,0.2648093788581505
3198,0.2648093788581505
3116,0.26479182321118294
2778,0.2647742698917789
2719,0.2647567188994753
3412,0.2647567188994753
3154,0.2647567188994753
2730,0.2647567188994753
503,0.2647391702338095
2892,0.2647216238943189
3005,0.26470407988054107
3097,0.2646865381920135
463,0.26466899882827405
3363,0.26465146178886056
2328,0.26465146178886056
3386,0.26461639468116366
2839,0.26458133686522817
3038,0.26458133686522817
3304,0.26458133686522817
3011,0.26458133686522817
669,0.26458133686522817
3330,0.26456381144051694
3076,0.2645462883373615
3150,0.2645462883373615
556,0.2645287675553006
2976,0.2645287675553006
3185,0.26451124909387314
537,0.26447621913107433
525,0.2644587076287813
2964,0.2644587076287813
3302,0.26444119844527836
3351,0.26444119844527836
3132,0.26440618703280044
3152,0.26440618703280044
2250,0.26440618703280044
2946,0.26440618703280044
2833,0.26438868480290484
3049,0.26438868480290484
2748,0.26438868480290484
3274,0.26437118488995787
3140,0.26437118488995787
2973,0.26437118488995787
3002,0.2643536872934995
3017,0.26433619201306974
3027,0.2643186990482088
3360,0.2643186990482088
397,0.2643186990482088
3182,0.2643186990482088
2849,0.2643012083984571
2694,0.2643012083984571
473,0.2643012083984571
3277,0.264283720063355
3113,0.26426623404244304
3035,0.26426623404244304
2754,0.26426623404244304
3079,0.26426623404244304
3342,0.26426623404244304
2992,0.2642487503352619
3214,0.2642487503352619
3090,0.26423126894135246
3404,0.26423126894135246
3345,0.2642137898602556
3426,0.2642137898602556
3344,0.2642137898602556
2828,0.26419631309151237
3145,0.26419631309151237
2904,0.26419631309151237
3107,0.26419631309151237
2780,0.2641613664892516
2877,0.2641613664892516
3232,0.26414389665481675
3078,0.26414389665481675
3353,0.26414389665481675
2674,0.26414389665481675
2966,0.26414389665481675
3335,0.26412642913090095
3247,0.26410896391704586
2679,0.26409150101279316
3120,0.2640740404176849
2939,0.2640740404176849
3256,0.2640740404176849
3355,0.264056582131263
2786,0.264056582131263
3089,0.264056582131263
2787,0.264056582131263
2927,0.264056582131263
3253,0.264056582131263
2669,0.26403912615306957
2677,0.26403912615306957
3204,0.264021672482647
2720,0.264021672482647
3057,0.264021672482647
2936,0.2640042211195376
3403,0.2640042211195376
3240,0.2640042211195376
2950,0.2639867720632838
2991,0.2639867720632838
3162,0.2639867720632838
2665,0.2639867720632838
2755,0.2639867720632838
2956,0.2639867720632838
2914,0.2639867720632838
3104,0.2639693253134283
3070,0.2639693253134283
2738,0.2639693253134283
2781,0.2639693253134283
3106,0.2639693253134283
460,0.2639518808695139
2753,0.2639518808695139
2826,0.2639518808695139
2937,0.2639344387310833
3297,0.2639344387310833
3417,0.2639169988976796
2989,0.2639169988976796
2986,0.2639169988976796
3391,0.2639169988976796
3324,0.2639169988976796
3387,0.26389956136884596
512,0.26389956136884596
2928,0.26389956136884596
2785,0.26389956136884596
3033,0.26389956136884596
2890,0.26389956136884596
2875,0.26388212614412554
2734,0.26388212614412554
434,0.26388212614412554
3287,0.26388212614412554
3381,0.2638646932230616
3087,0.2638646932230616
2750,0.26384726260519775
2921,0.26384726260519775
2752,0.26384726260519775
432,0.26384726260519775
2962,0.26382983429007756
2960,0.26382983429007756
2751,0.26382983429007756
2916,0.26382983429007756
119,0.2638124082772446
2925,0.2638124082772446
3296,0.2638124082772446
3146,0.2638124082772446
2871,0.26379498456624295
2909,0.26379498456624295
3348,0.26379498456624295
3205,0.26379498456624295
3239,0.26379498456624295
1959,0.26379498456624295
2881,0.26379498456624295
2866,0.26379498456624295
3164,0.26379498456624295
2867,0.26379498456624295
3084,0.26379498456624295
3118,0.26379498456624295
2864,0.26379498456624295
2872,0.26377756315661627
2796,0.26377756315661627
2729,0.26377756315661627
3299,0.26377756315661627
3177,0.26377756315661627
2268,0.26377756315661627
2662,0.26377756315661627
2969,0.26377756315661627
3169,0.26377756315661627
3077,0.2637601440479089
2853,0.2637601440479089
3054,0.2637601440479089
2913,0.2637427272396648
3102,0.2637427272396648
3188,0.2637427272396648
3362,0.2637427272396648
2512,0.26372531273142846
3409,0.26372531273142846
2664,0.26372531273142846
3022,0.26372531273142846
3378,0.26372531273142846
2128,0.26372531273142846
2812,0.26372531273142846
3021,0.2637079005227442
2777,0.2637079005227442
2800,0.2637079005227442
2676,0.2637079005227442
3339,0.2637079005227442
1109,0.2636904906131567
2706,0.2636904906131567
2905,0.2636904906131567
3191,0.2636904906131567
2758,0.26367308300221043
2955,0.26367308300221043
3174,0.26367308300221043
3365,0.26367308300221043
3034,0.2636556776894504
3046,0.2636556776894504
3206,0.2636556776894504
3195,0.2636556776894504
3160,0.2636556776894504
3226,0.26363827467442136
2698,0.26363827467442136
3119,0.26363827467442136
3196,0.26363827467442136
2943,0.2636208739566685
2241,0.2636208739566685
2668,0.2636208739566685
3395,0.2636208739566685
2783,0.2636208739566685
2827,0.2636034755357368
2718,0.2636034755357368
3149,0.2636034755357368
2862,0.2636034755357368
2772,0.2636034755357368
3416,0.2636034755357368
3422,0.2636034755357368
3279,0.2635860794111717
2712,0.2635860794111717
2768,0.2635686855825184
3178,0.2635686855825184
3096,0.2635686855825184
2844,0.2635686855825184
2815,0.2635686855825184
2873,0.2635686855825184
3203,0.2635512940493226
3018,0.2635512940493226
3086,0.2635512940493226
479,0.2635512940493226
2810,0.2635512940493226
3293,0.2635512940493226
2594,0.2635512940493226
3284,0.26353390481112987
3298,0.26353390481112987
3098,0.26353390481112987
3433,0.26353390481112987
2689,0.2635165178674859
3025,0.2635165178674859
3369,0.2635165178674859
2880,0.26349913321793667
2912,0.26349913321793667
2938,0.26349913321793667
3313,0.2634817508620281
2840,0.2634817508620281
2770,0.2634817508620281
3346,0.2634817508620281
2988,0.26346437079930635
2739,0.26346437079930635
3016,0.26346437079930635
3029,0.26344699302931757
2675,0.26344699302931757
3380,0.26344699302931757
2931,0.26344699302931757
2845,0.26342961755160826
3223,0.26342961755160826
2993,0.26342961755160826
3064,0.2634122443657247
2744,0.2634122443657247
3108,0.2634122443657247
2711,0.2633948734712137
2708,0.2633948734712137
2830,0.2633948734712137
2932,0.2633948734712137
3073,0.2633948734712137
3187,0.2633948734712137
3137,0.2633948734712137
3225,0.2633948734712137
2713,0.2633948734712137
3275,0.2633948734712137
2678,0.2633775048676218
3142,0.2633775048676218
3158,0.2633775048676218
3337,0.26336013855449586
3215,0.26336013855449586
3052,0.26336013855449586
2680,0.26336013855449586
2715,0.26336013855449586
2728,0.26336013855449586
2773,0.26336013855449586
2672,0.26336013855449586
2940,0.26336013855449586
2984,0.26336013855449586
2803,0.2633427745313829
3415,0.2633427745313829
3085,0.2633427745313829
3040,0.2633427745313829
2897,0.2633427745313829
3379,0.2633254127978299
3289,0.2633254127978299
3420,0.2633254127978299
3004,0.2633254127978299
2597,0.2633254127978299
2749,0.2633254127978299
2806,0.2633254127978299
2743,0.2633254127978299
1226,0.26330805335338414
2832,0.26330805335338414
2684,0.26330805335338414
2945,0.26330805335338414
3259,0.26330805335338414
2970,0.2632906961975929
3364,0.2632906961975929
3212,0.2632906961975929
2690,0.2632906961975929
3255,0.2632733413300036
2841,0.2632733413300036
1564,0.2632733413300036
2741,0.2632733413300036
2846,0.2632559887501637
3010,0.263238638457621
3435,0.263238638457621
3014,0.263238638457621
2835,0.263238638457621
3036,0.263238638457621
2733,0.263238638457621
3075,0.263238638457621
3384,0.263238638457621
3047,0.263238638457621
3328,0.263238638457621
2737,0.263238638457621
3148,0.263238638457621
2762,0.2632212904519233
2929,0.2632212904519233
2887,0.2632212904519233
2686,0.2632212904519233
3257,0.2632212904519233
3316,0.2632212904519233
3024,0.2632039447326184
3260,0.2632039447326184
3421,0.26318660129925436
2681,0.26318660129925436
3228,0.26318660129925436
3009,0.26318660129925436
2756,0.26318660129925436
2717,0.26318660129925436
3262,0.2631692601513793
3273,0.2631692601513793
3211,0.2631692601513793
3400,0.2631692601513793
2874,0.2631692601513793
3032,0.26315192128854153
2829,0.26315192128854153
2868,0.2631345847102895
2246,0.2631345847102895
558,0.2631345847102895
3377,0.2631345847102895
2843,0.2631345847102895
3301,0.2631345847102895
3221,0.2631345847102895
3250,0.2631345847102895
2760,0.2631172504161715
388,0.2631172504161715
2687,0.2631172504161715
2848,0.2631172504161715
2795,0.2631172504161715
3199,0.2631172504161715
2965,0.2631172504161715
3069,0.2631172504161715
3209,0.2631172504161715
2784,0.2631172504161715
2999,0.2630999184057364
3023,0.2630999184057364
2725,0.2630999184057364
3176,0.2630999184057364
3109,0.2630999184057364
3303,0.2630999184057364
3238,0.2630999184057364
3285,0.26308258867853274
3013,0.26308258867853274
2977,0.26308258867853274
3432,0.26306526123410945
2924,0.26306526123410945
2125,0.26304793607201554
3410,0.26304793607201554
3039,0.26304793607201554
3093,0.26304793607201554
3192,0.26304793607201554
3129,0.26304793607201554
3110,0.26304793607201554
2696,0.26304793607201554
2953,0.26303061319180004
3210,0.26303061319180004
3234,0.26303061319180004
527,0.26303061319180004
2693,0.2630132925930122
3189,0.2630132925930122
2673,0.2630132925930122
2759,0.2630132925930122
2745,0.26299597427520144
3359,0.26299597427520144
2859,0.26299597427520144
3135,0.26299597427520144
2850,0.26299597427520144
3080,0.26297865823791705
2702,0.26297865823791705
2818,0.26297865823791705
3236,0.26297865823791705
3171,0.26297865823791705
2981,0.2629613444807087
3194,0.2629613444807087
2907,0.2629613444807087
1948,0.262944033003126
3237,0.262944033003126
2735,0.262944033003126
3166,0.262944033003126
2856,0.2629267238047188
2876,0.2629267238047188
2667,0.2629267238047188
3390,0.2629267238047188
3123,0.2629267238047188
2705,0.2629267238047188
2978,0.2629267238047188
3393,0.2629267238047188
3042,0.2629094168850371
2934,0.2629094168850371
3243,0.2629094168850371
2987,0.2629094168850371
3193,0.2629094168850371
3254,0.2628921122436309
2761,0.2628921122436309
3050,0.2628921122436309
3294,0.2628921122436309
3151,0.2628921122436309
3163,0.2628748098800503
3242,0.2628748098800503
3357,0.2628748098800503
3138,0.26285750979384565
3343,0.26285750979384565
3246,0.26285750979384565
2779,0.26284021198456725
3430,0.26284021198456725
2791,0.26284021198456725
3061,0.26284021198456725
2908,0.2628229164517657
2663,0.2628229164517657
3112,0.2628229164517657
2697,0.2628229164517657
2858,0.26280562319499173
3058,0.26280562319499173
2847,0.26280562319499173
3329,0.26280562319499173
2923,0.26280562319499173
3167,0.26280562319499173
3312,0.26280562319499173
2878,0.26280562319499173
3231,0.26280562319499173
3139,0.26280562319499173
3352,0.26280562319499173
3088,0.26278833221379594
3281,0.26278833221379594
2682,0.26278833221379594
3095,0.26278833221379594
3414,0.26278833221379594
2891,0.2627710435077292
2700,0.2627710435077292
3418,0.2627710435077292
2807,0.2627710435077292
3068,0.26275375707634263
2933,0.26275375707634263
3292,0.26275375707634263
2990,0.26275375707634263
2917,0.26275375707634263
3015,0.26273647291918717
2790,0.26273647291918717
2831,0.26273647291918717
3249,0.26273647291918717
2811,0.26273647291918717
3358,0.26273647291918717
2747,0.26271919103581426
2723,0.26271919103581426
2941,0.2627019114257751
64,0.2627019114257751
2961,0.2627019114257751
3367,0.2627019114257751
3340,0.2627019114257751
2851,0.2626846340886211
3405,0.2626846340886211
2746,0.2626846340886211
2789,0.2626846340886211
3392,0.262667359023904
3374,0.262667359023904
360,0.2626500862311754
2688,0.2626500862311754
2957,0.2626500862311754
3244,0.2626500862311754
2769,0.2626500862311754
3202,0.2626500862311754
3067,0.2626328157099871
2918,0.2626328157099871
150,0.2626328157099871
3388,0.2626328157099871
2419,0.26261554745989113
2820,0.26261554745989113
2809,0.26261554745989113
3208,0.26259828148043945
3235,0.26259828148043945
2903,0.26259828148043945
2821,0.26259828148043945
3092,0.26259828148043945
3371,0.26258101777118426
2935,0.2625637563316779
3300,0.2625637563316779
1945,0.2625637563316779
2801,0.2625637563316779
3155,0.2625637563316779
2695,0.2625637563316779
2766,0.2625637563316779
2971,0.26254649716147266
3156,0.26254649716147266
609,0.26252924026012125
3334,0.26252924026012125
2997,0.26252924026012125
3229,0.26252924026012125
480,0.26252924026012125
2804,0.26251198562717604
2616,0.26251198562717604
1947,0.26251198562717604
3402,0.26251198562717604
2692,0.26251198562717604
3159,0.2624947332621901
3190,0.2624947332621901
2900,0.2624947332621901
2852,0.2624947332621901
2954,0.2624947332621901
2837,0.2624947332621901
2709,0.26247748316471603
3133,0.26247748316471603
3094,0.26247748316471603
3270,0.26247748316471603
3130,0.262460235334307
3153,0.262460235334307
2771,0.262460235334307
3105,0.262460235334307
1380,0.262460235334307
3429,0.26244298977051606
676,0.26244298977051606
3349,0.26244298977051606
3012,0.26242574647289646
3308,0.26242574647289646
3318,0.26239126667438467
2889,0.26239126667438467
3309,0.26237403017259964
2983,0.26237403017259964
570,0.26237403017259964
2884,0.26237403017259964
3083,0.26237403017259964
3063,0.26237403017259964
3217,0.26235679593519995
3099,0.26235679593519995
2898,0.26233956396173946
2588,0.26233956396173946
2926,0.26233956396173946
3161,0.26232233425177226
3030,0.26232233425177226
3266,0.26232233425177226
3427,0.26232233425177226
3269,0.26232233425177226
3338,0.2623051068048522
634,0.2623051068048522
511,0.2623051068048522
2805,0.2623051068048522
3368,0.2623051068048522
3398,0.2623051068048522
3325,0.26228788162053346
415,0.26228788162053346
2670,0.26228788162053346
2855,0.26228788162053346
594,0.26227065869837046
387,0.26227065869837046
3066,0.26227065869837046
2959,0.26227065869837046
3428,0.26227065869837046
3314,0.26227065869837046
2834,0.26227065869837046
2703,0.26225343803791756
3175,0.26225343803791756
2972,0.26225343803791756
3382,0.26225343803791756
3389,0.26225343803791756
3401,0.2622362196387292
2980,0.2622362196387292
3283,0.2622362196387292
439,0.26221900350036004
2886,0.26221900350036004
2699,0.26221900350036004
3311,0.26220178962236484
3305,0.26220178962236484
2736,0.26220178962236484
3008,0.26220178962236484
3282,0.26220178962236484
2722,0.26218457800429856
3128,0.26218457800429856
3006,0.26218457800429856
2899,0.26216736864571605
2215,0.26216736864571605
3251,0.26216736864571605
2671,0.26216736864571605
3375,0.26216736864571605
2721,0.26216736864571605
3053,0.26216736864571605
2714,0.2621501615461725
2861,0.2621501615461725
3059,0.2621501615461725
3141,0.2621329567052231
3091,0.2621329567052231
3218,0.2621329567052231
3336,0.26211575412242316
3354,0.26211575412242316
3181,0.26211575412242316
3126,0.26211575412242316
3310,0.26211575412242316
2963,0.26209855379732816
2902,0.26209855379732816
3424,0.26209855379732816
2893,0.26209855379732816
3122,0.2620813557294937
3121,0.2620813557294937
2799,0.2620813557294937
2824,0.2620813557294937
2808,0.2620813557294937
3131,0.2620813557294937
3055,0.2620641599184754
2922,0.2620469663638292
3147,0.2620469663638292
3372,0.2620469663638292
2817,0.2620469663638292
405,0.2620469663638292
3074,0.26202977506511077
3127,0.26202977506511077
2857,0.2620125860218764
2498,0.2620125860218764
3413,0.2620125860218764
2792,0.2619953992336821
2975,0.2619953992336821
3271,0.2619953992336821
3407,0.2619953992336821
2691,0.2619782147000842
3037,0.2619782147000842
3071,0.26196103242063906
2788,0.26196103242063906
3031,0.26196103242063906
3230,0.26196103242063906
3183,0.26196103242063906
2842,0.26196103242063906
508,0.26192667462243324
3948,0.2618923258355179
683,0.26178933350707767
455,0.2617721759940676
2368,0.2617721759940676
523,0.2616178595216797
2338,0.2615493328084267
667,0.26125849433002907
610,0.2611218528580991
2501,0.26095125188275736
1238,0.2608149315213193
369,0.26079790148987814
2544,0.2607638480980273
442,0.2606957679862596
421,0.26064473122666953
1858,0.2606277234138652
469,0.2606277234138652
425,0.26050873084512677
1769,0.26049174077593973
528,0.2604747529227523
546,0.2604407838626424
1598,0.260372872315351
569,0.2603558999620288
407,0.2603219618925558
554,0.2603219618925558
3258,0.26030499617553987
350,0.26030499617553987
1836,0.2601185191349713
1967,0.2601185191349713
173,0.25999999097236587
198,0.25999999097236587
2325,0.2599661456207683
541,0.2599661456207683
433,0.2598815707799781
427,0.25986466241493067
534,0.2598477562499176
1779,0.25983085228450975
2530,0.25979705095079253
477,0.259780153581625
3609,0.2595775564643845
472,0.25949323423320453
1110,0.25944266718528636
1487,0.2593584325530834
646,0.2591901272756317
1031,0.2590724434920856
56,0.2589884490544342
322,0.2588541711806535
67,0.25880385286836544
21,0.25878708444456944
3186,0.2587703181935526
122,0.25872003247295533
169,0.2584187280873113
1473,0.2583184491862297
1787,0.2582850401783164
213,0.2582516398110361
339,0.2582349428665859
308,0.25816817667361414
324,0.2581348065221666
246,0.25791811063654163
103,0.25791811063654163
7,0.2578848050953954
156,0.25780157886254984
87,0.2577683034086792
1594,0.25773503654368485
146,0.25771840633097715
120,0.2575854418494443
1697,0.2574526144977107
1217,0.2572204959632589
3692,0.25693919982743546
3877,0.25693919982743546
1407,0.2567410079910962
917,0.25654312167239285
2295,0.25654312167239285
900,0.25621398815302354
1595,0.2555582482127765
1471,0.2554275028021669
1192,0.2553621802517412
1792,0.25497094550382915
1088,0.25497094550382915
1343,0.25493839671395185
1842,0.2549221254351215
1680,0.2547595268093816
1868,0.25461336529084494
422,0.25449980000748595
389,0.25449980000748595
1012,0.2544835846650197
1668,0.2543215448148669
1045,0.25428916160422005
966,0.2541112012544525
496,0.2540788715850817
1107,0.25394963512954505
1014,0.25369155623205564
1373,0.2536593332476492
1104,0.2536593332476492
493,0.2535788115876759
1898,0.25356271338988595
1786,0.2535144310579171
1616,0.2534340013526322
506,0.25332148546441835
80,0.2532251227615218
1339,0.2530165881995112
166,0.2530005613047117
970,0.25293647402428493
163,0.25290444255793604
202,0.25290444255793604
374,0.252856410567073
942,0.25256860132271935
1159,0.25256860132271935
1767,0.25253666295634064
1359,0.2524249422560503
1826,0.25234520225660123
1375,0.25231332036118026
399,0.25224958073244186
393,0.25223365085680355
564,0.25223365085680355
1349,0.25223365085680355
464,0.25223365085680355
476,0.25221772299302125
1174,0.25218587329950015
408,0.2521540316488311
1727,0.2520426491649829
1309,0.25202674541377357
1543,0.25172495502095443
1673,0.2516298028928044
394,0.25156640809456976
416,0.2515505643857844
409,0.2515505643857844
494,0.25151888295450153
560,0.25151888295450153
1512,0.25151888295450153
1901,0.25150304523125017
1406,0.2513764152128821
277,0.2512657185026097
271,0.2512657185026097
252,0.2512499126449949
368,0.2512341087757884
1878,0.251218306894615
1449,0.2512025070010996
1288,0.25118670909486723
1397,0.25117091317554296
203,0.25112353733527093
398,0.25112353733527093
385,0.2510761793636839
1475,0.2510761793636839
1810,0.2510603973422267
239,0.2510446173046816
200,0.2510288392506746
9,0.2510288392506746
487,0.2509972890917793
98,0.2509815169861433
315,0.2509657468625501
272,0.250949978720626
285,0.250949978720626
1051,0.2509342125599977
1201,0.2509342125599977
535,0.2509026861811347
186,0.2509026861811347
304,0.2508869259621535
188,0.2508869259621535
199,0.2508711677229749
332,0.2508711677229749
678,0.2508711677229749
280,0.2508711677229749
630,0.2508711677229749
40,0.2508396571825337
113,0.25082390488052525
323,0.25082390488052525
142,0.25082390488052525
172,0.25079240621106896
313,0.25077665984287584
671,0.25077665984287584
170,0.2507609154518762
342,0.2507609154518762
584,0.2507609154518762
118,0.2507451730376975
109,0.2507451730376975
261,0.2507451730376975
1709,0.2507451730376975
104,0.2506979576523653
291,0.2506822231417488
211,0.25066649060609286
329,0.2506507600450257
82,0.2506193048451706
334,0.2506193048451706
224,0.2506035802056396
141,0.250587857539211
48,0.25057213684551344
128,0.25057213684551344
248,0.2505564181241756
265,0.2505407013748265
297,0.2505407013748265
185,0.2505407013748265
148,0.2505249865970949
88,0.2505249865970949
232,0.2505249865970949
161,0.2505249865970949
223,0.2505092737906099
238,0.2504935629550006
53,0.2504935629550006
39,0.25047785408989615
94,0.25047785408989615
331,0.25046214719492593
134,0.25046214719492593
231,0.25046214719492593
303,0.25046214719492593
59,0.25044644226971935
3,0.2504307393139058
242,0.2504307393139058
31,0.2504307393139058
62,0.2504307393139058
346,0.2504307393139058
545,0.2504307393139058
133,0.250415038327115
212,0.250415038327115
2724,0.250415038327115
290,0.250415038327115
1,0.2503993393089765
123,0.2503993393089765
55,0.2503993393089765
105,0.2503993393089765
345,0.2503836422591201
249,0.2503836422591201
66,0.2503836422591201
45,0.2503679471771757
320,0.2503679471771757
276,0.2503679471771757
3233,0.2503522540627732
30,0.2503522540627732
298,0.2503365629155427
127,0.2503365629155427
1318,0.2503365629155427
175,0.2503365629155427
312,0.2503365629155427
639,0.2503208737351143
130,0.2503208737351143
60,0.2503051865211183
281,0.2503051865211183
115,0.2503051865211183
84,0.2503051865211183
284,0.2503051865211183
258,0.2503051865211183
341,0.2503051865211183
92,0.25028950127318483
197,0.25028950127318483
204,0.25028950127318483
1092,0.25028950127318483
302,0.25028950127318483
19,0.25028950127318483
176,0.25028950127318483
69,0.25027381799094456
178,0.25027381799094456
196,0.25027381799094456
50,0.25027381799094456
314,0.25027381799094456
10,0.25027381799094456
214,0.25027381799094456
57,0.25027381799094456
108,0.2502581366740278
41,0.2502581366740278
318,0.2502581366740278
180,0.2502424573220653
367,0.2502424573220653
165,0.2502424573220653
194,0.2502267799346876
29,0.2502267799346876
343,0.2502267799346876
326,0.2502267799346876
101,0.2502267799346876
254,0.2502267799346876
266,0.2502111045115257
144,0.2502111045115257
299,0.2502111045115257
73,0.2502111045115257
237,0.2502111045115257
251,0.2502111045115257
16,0.2502111045115257
106,0.2501954310522102
22,0.2501954310522102
226,0.2501954310522102
3366,0.2501954310522102
1434,0.2501954310522102
260,0.2501797595563723
311,0.2501797595563723
20,0.2501797595563723
116,0.2501797595563723
137,0.250164090023643
187,0.250164090023643
126,0.250164090023643
100,0.250164090023643
17,0.250164090023643
77,0.2501484224536534
344,0.2501484224536534
14,0.2501484224536534
121,0.2501484224536534
83,0.2501484224536534
149,0.2501484224536534
51,0.2501327568460348
24,0.2501327568460348
96,0.2501170932004186
63,0.2501170932004186
330,0.2501170932004186
317,0.2501170932004186
268,0.2501170932004186
3136,0.25010143151643605
99,0.25010143151643605
217,0.25010143151643605
229,0.25010143151643605
117,0.2500857717937189
27,0.2500857717937189
250,0.2500857717937189
140,0.2500857717937189
235,0.2500857717937189
278,0.2500857717937189
347,0.2500701140318986
129,0.2500701140318986
68,0.2500701140318986
135,0.2500701140318986
189,0.2500701140318986
162,0.2500701140318986
319,0.2500544582306069
307,0.2500544582306069
309,0.2500544582306069
310,0.2500544582306069
294,0.2500544582306069
177,0.2500544582306069
338,0.2500544582306069
131,0.2500388043894757
139,0.2500388043894757
225,0.2500388043894757
263,0.2500388043894757
333,0.2500231525081367
340,0.2500231525081367
181,0.2500231525081367
243,0.2500231525081367
167,0.2500231525081367
124,0.2500231525081367
300,0.2500231525081367
218,0.2500075025862221
152,0.2500075025862221
86,0.2500075025862221
102,0.2500075025862221
93,0.2500075025862221
228,0.2500075025862221
4,0.2500075025862221
164,0.2500075025862221
44,0.2500075025862221
275,0.24999185462336385
78,0.24999185462336385
46,0.24999185462336385
481,0.24999185462336385
32,0.24999185462336385
6,0.24997620861919412
174,0.24997620861919412
230,0.24997620861919412
153,0.24997620861919412
273,0.24997620861919412
328,0.24997620861919412
259,0.24997620861919412
219,0.24997620861919412
270,0.24997620861919412
147,0.24997620861919412
289,0.24997620861919412
195,0.24996056457334523
91,0.24996056457334523
112,0.24996056457334523
306,0.24996056457334523
296,0.24996056457334523
35,0.24994492248544958
138,0.24994492248544958
234,0.24994492248544958
262,0.24994492248544958
327,0.24994492248544958
8,0.24994492248544958
240,0.24994492248544958
555,0.24994492248544958
190,0.24994492248544958
193,0.24994492248544958
352,0.2499292823551395
49,0.2499292823551395
155,0.2499292823551395
301,0.2499292823551395
488,0.2499292823551395
157,0.2499292823551395
1490,0.2499292823551395
253,0.2499292823551395
220,0.2499292823551395
61,0.2499292823551395
183,0.2499292823551395
110,0.2499292823551395
97,0.24991364418204756
201,0.24991364418204756
279,0.24991364418204756
264,0.24991364418204756
548,0.24991364418204756
154,0.24991364418204756
233,0.24991364418204756
316,0.24991364418204756
81,0.24991364418204756
241,0.24991364418204756
70,0.24991364418204756
245,0.24991364418204756
145,0.24991364418204756
205,0.24991364418204756
52,0.24991364418204756
446,0.2498980079658064
282,0.2498980079658064
182,0.2498980079658064
216,0.2498980079658064
160,0.2498980079658064
247,0.2498980079658064
244,0.2498980079658064
15,0.2498823737060488
37,0.2498823737060488
336,0.2498823737060488
18,0.2498823737060488
215,0.2498823737060488
125,0.2498823737060488
335,0.2498823737060488
305,0.2498823737060488
74,0.2498823737060488
287,0.2498823737060488
292,0.2498823737060488
255,0.2498823737060488
43,0.2498823737060488
267,0.2498823737060488
42,0.2498823737060488
11,0.2498823737060488
210,0.2498823737060488
1275,0.24985111105451543
3201,0.24985111105451543
452,0.2498198562245111
587,0.24980423174166516
547,0.24980423174166516
375,0.24978860921310095
440,0.24974175334943313
396,0.24971052587167764
355,0.24966369929475463
593,0.24963249133234275
359,0.24957009880764083
565,0.24953891423950292
462,0.24949215199684455
620,0.24949215199684455
1575,0.2494142538602151
3179,0.24936753832287473
618,0.24935197036568135
3331,0.24932084028199025
361,0.24928971797013383
489,0.249227496650286
3454,0.24918085103983306
586,0.24916530638287485
656,0.24916530638287485
504,0.24914976366524136
502,0.2491342228865696
458,0.24908761218069747
490,0.24908761218069747
655,0.24907207915424567
418,0.2490565480649426
390,0.2490565480649426
540,0.24904101891242575
354,0.24904101891242575
450,0.24900996641630202
677,0.24899444307197083
536,0.24899444307197083
1526,0.24899444307197083
1725,0.24894788464955644
3723,0.24893236904440535
403,0.24893236904440535
1504,0.24891685537314495
3961,0.24891685537314495
413,0.24891685537314495
589,0.24883931601255274
426,0.24879281557976105
521,0.24877731929725844
574,0.24874633252273048
663,0.24869986683172382
474,0.24865341849701078
445,0.24854510649144268
590,0.24854510649144268
516,0.24852964105018255
435,0.2484677985267486
579,0.24843688880496884
644,0.24842143682780718
1412,0.24840598677265277
551,0.24840598677265277
424,0.248390538639147
666,0.248390538639147
2813,0.24837509242693143
654,0.24834420576493715
505,0.24834420576493715
531,0.24834420576493715
381,0.2483133267838038
653,0.2482515918526623
636,0.24822073589692897
597,0.24820531079526995
685,0.24820531079526995
635,0.24817446634258009
543,0.24814362955501268
592,0.24811280042971076
657,0.2480357611201319
573,0.24802035899885022
529,0.24800495879028153
1686,0.24795876963729102
539,0.24794337707601244
3001,0.24791259768589685
617,0.24788182593666505
605,0.24783568263325167
598,0.24782030534947472
926,0.24782030534947472
684,0.2478049299737861
578,0.2478049299737861
632,0.2478049299737861
647,0.2478049299737861
627,0.24778955650583062
643,0.24778955650583062
599,0.24778955650583062
662,0.24778955650583062
650,0.24777418494525336
658,0.24777418494525336
603,0.24777418494525336
626,0.24777418494525336
600,0.24777418494525336
577,0.24777418494525336
659,0.24775881529169927
612,0.24775881529169927
661,0.24775881529169927
681,0.24775881529169927
2127,0.24775881529169927
615,0.24775881529169927
675,0.24774344754481356
623,0.24774344754481356
2825,0.24774344754481356
633,0.24774344754481356
622,0.2477280817042414
595,0.2477280817042414
665,0.2477127177696281
664,0.2477127177696281
486,0.2477127177696281
457,0.24769735574061916
582,0.24769735574061916
575,0.24769735574061916
611,0.24769735574061916
2775,0.24768199561686
588,0.24766663739799616
576,0.24766663739799616
672,0.24766663739799616
628,0.24766663739799616
509,0.24765128108367337
621,0.24760522356440914
660,0.24755918317326664
648,0.24749782261231154
1055,0.24749782261231154
581,0.24746715373714273
642,0.24746715373714273
674,0.24745182214964895
613,0.24745182214964895
668,0.24745182214964895
607,0.24745182214964895
624,0.24745182214964895
608,0.24745182214964895
478,0.2474058387832931
519,0.2472986106939189
491,0.24723737922113798
2740,0.247206774854087
382,0.24716088250727006
3319,0.24716088250727006
470,0.24716088250727006
568,0.24716088250727006
522,0.24716088250727006
466,0.24714558884459403
1821,0.24714558884459403
429,0.2471302970744638
532,0.2470385861774792
1700,0.24702330764533884
437,0.24700803100293656
485,0.2469927562499217
349,0.2469927562499217
380,0.24696221241065258
1355,0.24696221241065258
552,0.24693167612472852
384,0.24693167612472852
364,0.2469164108133954
572,0.2469011473893481
453,0.2469011473893481
499,0.24688588585223661
530,0.24688588585223661
386,0.2468706262017111
468,0.24685536843742176
467,0.24685536843742176
379,0.24684011255901883
358,0.24680960645847394
443,0.24680960645847394
383,0.24680960645847394
550,0.24680960645847394
447,0.24680960645847394
1506,0.2465962747000978
1972,0.2465658288361926
1073,0.24639851087708106
2571,0.24633772427022843
1973,0.24633772427022843
1995,0.24621624098862557
1951,0.24620106400280367
2459,0.24618588888791196
2364,0.24617071564360457
1976,0.24615554426953556
2538,0.24615554426953556
2171,0.24612520713072983
2640,0.24606455528077156
2001,0.24604939698869488
2009,0.24600393331593273
2447,0.2459584864411284
2635,0.24586764304816766
2004,0.24586764304816766
2284,0.2458222465114158
2157,0.2457919914656913
2027,0.24577686673543067
1991,0.24576174386644623
2225,0.24573150371093172
2636,0.24555021894242493
3165,0.24502299621602872
1236,0.24487277673456465
1241,0.24481274050367663
1837,0.24478273342633353
1260,0.24452796995943946
1745,0.24439330975448106
1541,0.2443036186505281
1985,0.24410951358742722
2233,0.24394551159332342
1262,0.24361816781442414
1072,0.24358845284609892
1815,0.24351419712946495
1277,0.24338065086329194
2324,0.24335099380475744
1983,0.24335099380475744
2526,0.24335099380475744
2309,0.24333616798571245
2131,0.24332134397304198
2395,0.24327688276997708
1713,0.24324725099375663
996,0.2430992003236448
1030,0.24304003050489742
2078,0.24296610872422192
896,0.2429217772361929
2278,0.2429217772361929
2560,0.24289223189719558
2229,0.24289223189719558
2410,0.24287746192261989
2088,0.24287746192261989
2611,0.24287746192261989
2551,0.24287746192261989
1993,0.24286269374422256
2206,0.24286269374422256
2218,0.24284792736167593
1946,0.24281839998282473
2601,0.24278887978344685
2240,0.24277412237524215
2123,0.24274461294016556
2369,0.24274461294016556
2244,0.24272986091263957
2428,0.24271511067801918
2150,0.24270036223597763
1943,0.24270036223597763
2464,0.24268561558618812
2624,0.24267087072832394
1938,0.24265612766205855
2376,0.24262664690301808
2586,0.24262664690301808
2172,0.24261190920959022
1917,0.24259717330645553
2604,0.24259717330645553
2184,0.2425824391932878
2602,0.24256770686976095
2039,0.24256770686976095
2414,0.24256770686976095
2607,0.24255297633554893
2625,0.24253824759032572
2118,0.24253824759032572
2334,0.24253824759032572
2030,0.2425235206337655
2363,0.2425235206337655
2064,0.2425235206337655
2201,0.2425235206337655
2290,0.24249407208533083
2331,0.24249407208533083
2093,0.24246463068763943
2090,0.24246463068763943
2188,0.24244991266950858
2103,0.24244991266950858
1984,0.24242048199304952
2045,0.24242048199304952
2550,0.24242048199304952
2381,0.24240576933407076
2140,0.24240576933407076
2139,0.2423910584608256
1979,0.2423910584608256
2600,0.2423910584608256
2593,0.2423910584608256
2356,0.2423910584608256
2409,0.2423910584608256
2370,0.2423910584608256
2630,0.2423763493729889
2271,0.2423763493729889
1964,0.24236164207023567
2492,0.24236164207023567
2037,0.24236164207023567
2339,0.24234693655224102
2043,0.24234693655224102
2326,0.24231753086922792
2578,0.24231753086922792
2423,0.24230283070356004
2354,0.2422881323213518
2559,0.2422881323213518
2500,0.24227343572227855
2460,0.24227343572227855
2190,0.24225874090601587
2033,0.24225874090601587
1918,0.24224404787223947
2313,0.24224404787223947
2374,0.2422293566206249
2253,0.2422293566206249
2615,0.24221466715084802
2462,0.24221466715084802
2002,0.24217060942930235
2573,0.24217060942930235
2446,0.2421559270836355
2619,0.2421559270836355
1971,0.2421559270836355
2154,0.24212656773263116
2232,0.24212656773263116
2429,0.24212656773263116
2063,0.24212656773263116
2638,0.2421118907266463
2276,0.2421118907266463
2112,0.24209721549990812
2074,0.24209721549990812
2005,0.2420825420520931
2124,0.2420825420520931
2520,0.2420678703828778
1479,0.2420532004919389
2056,0.2420532004919389
2348,0.2420532004919389
1929,0.2420385323789531
2095,0.2420385323789531
2121,0.2420385323789531
2654,0.24202386604359716
2259,0.24202386604359716
2404,0.242009201485548
2553,0.242009201485548
1925,0.24199453870448254
2408,0.24199453870448254
2161,0.24199453870448254
2212,0.24197987770007778
2433,0.24197987770007778
2083,0.24196521847201088
2308,0.24196521847201088
2257,0.24196521847201088
2200,0.24195056101995904
2646,0.24195056101995904
2084,0.24195056101995904
2086,0.2419359053435995
1997,0.2419359053435995
2137,0.2419359053435995
1515,0.2419359053435995
2115,0.24192125144260956
2122,0.24190659931666672
2467,0.24189194896544838
2469,0.24187730038863223
2438,0.24187730038863223
2385,0.24187730038863223
2495,0.24186265358589584
2226,0.24186265358589584
1986,0.241848008556917
2539,0.241848008556917
2300,0.24183336530137348
2485,0.24181872381894315
2116,0.24180408410930404
2216,0.24180408410930404
2261,0.24178944617213416
2254,0.24178944617213416
2434,0.24178944617213416
2243,0.24178944617213416
2242,0.24174554299222153
2506,0.24174554299222153
1953,0.24174554299222153
2504,0.2417309121417106
2537,0.24171628306206028
2579,0.24171628306206028
2546,0.24171628306206028
2329,0.24171628306206028
2631,0.2417016557529491
2518,0.24167240644505864
2484,0.24167240644505864
2359,0.24162854575423376
2609,0.24162854575423376
2473,0.24162854575423376
2110,0.24161392906161056
2210,0.24158470098091597
2478,0.24157008959220297
2237,0.24157008959220297
2396,0.2415554799708185
2489,0.2415554799708185
2307,0.2415554799708185
1970,0.24152626602875274
2581,0.24152626602875274
2449,0.2415116617074304
2536,0.2415116617074304
2208,0.2415116617074304
2060,0.24149705915215453
2211,0.24145326207940299
2235,0.24145326207940299
1987,0.24143866658511057
2075,0.2414240728552638
2391,0.2414240728552638
2126,0.2414094808895427
2145,0.2414094808895427
2322,0.24139489068762746
2603,0.2413803022491983
2214,0.24133654751163044
2554,0.24132196612394924
2147,0.24129280863393246
2048,0.24129280863393246
2392,0.24129280863393246
2407,0.24129280863393246
2379,0.24127823253095831
2355,0.24127823253095831
2361,0.24127823253095831
2418,0.2412490856074827
2280,0.24123451478634317
2610,0.24123451478634317
2519,0.2412199457251772
1157,0.2412199457251772
1989,0.2412199457251772
2092,0.2412199457251772
2532,0.2412199457251772
2366,0.24120537842366593
1923,0.24117624909833246
2213,0.24117624909833246
2067,0.24117624909833246
2353,0.24117624909833246
1981,0.24116168707387295
2288,0.24116168707387295
2652,0.24116168707387295
2563,0.24114712680779352
2272,0.24113256829977564
2552,0.241118011549501
2393,0.241118011549501
2228,0.241118011549501
2659,0.241118011549501
2477,0.24110345655665122
2231,0.24110345655665122
2637,0.24110345655665122
2221,0.24108890332090807
2415,0.24108890332090807
2222,0.24108890332090807
2164,0.24108890332090807
2085,0.24107435184195342
2107,0.24107435184195342
2136,0.24107435184195342
2427,0.24107435184195342
2058,0.24107435184195342
2606,0.24105980211946915
2557,0.24105980211946915
2024,0.24105980211946915
2209,0.24104525415313724
2274,0.24104525415313724
2522,0.24103070794263978
2440,0.24103070794263978
2443,0.24103070794263978
2234,0.24103070794263978
2406,0.24101616348765895
2318,0.24101616348765895
2591,0.24100162078787693
2476,0.24098707984297596
2018,0.24095800321654703
2317,0.24095800321654703
2296,0.24092893360583206
2448,0.24091440143057385
1944,0.24089987100829216
1927,0.24089987100829216
1963,0.2408708154213897
2648,0.2408708154213897
2287,0.24085629025613484
2303,0.24085629025613484
1980,0.24084176684258826
1931,0.24082724518043316
1935,0.24082724518043316
1921,0.24082724518043316
1919,0.2408127252693527
2627,0.2408127252693527
2474,0.2407982071090302
2401,0.2407982071090302
2096,0.2407691760393926
2480,0.2407546631294445
2305,0.2407546631294445
2641,0.2407546631294445
1930,0.2407546631294445
2249,0.24074015196898824
2036,0.24074015196898824
2387,0.24072564255770756
2159,0.24071113489528623
2660,0.24071113489528623
2628,0.24071113489528623
1999,0.24071113489528623
2400,0.24069662898140798
2618,0.24069662898140798
2362,0.24069662898140798
2342,0.24069662898140798
2186,0.24066762239801665
2612,0.24066762239801665
1965,0.24066762239801665
2021,0.24063862280500567
2205,0.2406241256291032
2297,0.2406241256291032
2658,0.24060963019984843
2312,0.24060963019984843
2657,0.24060963019984843
2202,0.2405951365169257
2277,0.24058064458001951
2350,0.24056615438881432
2006,0.2405516659429947
2645,0.2405516659429947
1982,0.2405516659429947
2585,0.24053717924224535
1998,0.24052269428625098
2177,0.24050821107469644
2175,0.24050821107469644
2639,0.24050821107469644
2011,0.24049372960726662
1942,0.24049372960726662
2192,0.240464771903521
2371,0.24045029566657541
2599,0.24045029566657541
2647,0.24043582117249482
2258,0.24043582117249482
2633,0.24042134842096455
2568,0.24042134842096455
2378,0.2404068774116699
1957,0.24039240814429635
2413,0.24037794061852938
2383,0.2403634748340545
2346,0.24034901079055745
1988,0.24034901079055745
2644,0.24034901079055745
1914,0.24034901079055745
2291,0.24034901079055745
1958,0.24030562910279069
2019,0.2402911720200628
1975,0.2402911720200628
2514,0.2402911720200628
2524,0.2402622630725147
2230,0.2402622630725147
2397,0.2402478112070667
2166,0.2402478112070667
2023,0.24023336108008445
2540,0.24021891269125423
2000,0.24020446604026244
1314,0.24020446604026244
2517,0.24020446604026244
1960,0.2401900211267956
2576,0.2401900211267956
2613,0.24014669680841053
2016,0.2401322588419097
2050,0.2401322588419097
2286,0.24011782261136733
2256,0.24011782261136733
1990,0.24008895535690572
1969,0.24007452433236065
2091,0.24006009504252218
2314,0.24006009504252218
2248,0.2400456674870776
2488,0.24003124166571418
2207,0.24003124166571418
2453,0.24001681757811935
2454,0.24001681757811935
1950,0.24001681757811935
2012,0.24001681757811935
2236,0.24000239522398054
1978,0.23998797460298527
2503,0.23998797460298527
2014,0.23994472313573736
2013,0.23994472313573736
2129,0.2399303094441932
2049,0.2399303094441932
2035,0.2399303094441932
2411,0.23990148725553992
2622,0.23990148725553992
1556,0.23985826695396853
2426,0.23985826695396853
2584,0.23984386364723978
2066,0.2398294620702224
2160,0.23981506222260487
2114,0.23980066410407566
3861,0.23978626771432335
2412,0.2397718730530366
2335,0.2397574801199042
2197,0.2397574801199042
2580,0.2397430889146149
2452,0.2397430889146149
2270,0.23972869943685757
2089,0.23971431168632124
2656,0.23969992566269485
2577,0.23969992566269485
2455,0.23967115879492853
2182,0.2396423988310724
1934,0.23962802143733405
2260,0.23962802143733405
2493,0.23961364576864144
2587,0.23961364576864144
2562,0.2395992718246841
1974,0.2395992718246841
2119,0.2395992718246841
2570,0.2395848996051517
2265,0.2395848996051517
2130,0.2395848996051517
2152,0.23957052910973392
2170,0.23955616033812055
2181,0.23955616033812055
2080,0.23954179329000144
2442,0.23954179329000144
2008,0.2395274279650665
2614,0.23951306436300576
2523,0.23951306436300576
2545,0.23951306436300576
2251,0.23948434232626717
1285,0.2394699838909697
1933,0.2394556271773072
1922,0.2394556271773072
2360,0.23944127218496997
2217,0.23944127218496997
2466,0.23942691891364848
2238,0.23942691891364848
2486,0.23942691891364848
2227,0.23942691891364848
2388,0.23942691891364848
2424,0.23942691891364848
1977,0.23941256736303326
2105,0.23941256736303326
2158,0.23941256736303326
2301,0.23938386942268408
2219,0.23938386942268408
2373,0.23936952303233155
2349,0.23936952303233155
2513,0.23936952303233155
2535,0.23936952303233155
2456,0.23935517836144807
2263,0.2393408354097246
2651,0.2393408354097246
1924,0.2393408354097246
2548,0.2393408354097246
2632,0.2393408354097246
2650,0.2393408354097246
2558,0.2393408354097246
2439,0.23932649417685206
2100,0.23932649417685206
2076,0.2393121546625215
2422,0.2393121546625215
2441,0.23929781686642407
1992,0.23928348078825087
2444,0.23925481378444255
2034,0.23925481378444255
2255,0.23924048285819013
1548,0.23921182615544612
2321,0.23919750037833776
2421,0.23919750037833776
2634,0.23919750037833776
2281,0.23918317631699407
2487,0.23918317631699407
1996,0.23918317631699407
2565,0.23918317631699407
2015,0.23918317631699407
1937,0.23918317631699407
2094,0.23916885397110682
2178,0.23915453334036788
2528,0.23915453334036788
2041,0.23915453334036788
2245,0.23914021442446917
2017,0.23914021442446917
2431,0.23914021442446917
2204,0.23912589722310268
2437,0.23912589722310268
2621,0.23912589722310268
2167,0.23911158173596048
2481,0.23908295590311768
2106,0.23908295590311768
2168,0.23908295590311768
2483,0.23908295590311768
2382,0.2390686455568016
2541,0.2390686455568016
2079,0.2390543369234788
2195,0.2390543369234788
2470,0.2390543369234788
2269,0.2390543369234788
2596,0.2390543369234788
1350,0.23871144282318216
1900,0.23852611892012443
679,0.23848339272256294
1855,0.23844068182899433
3487,0.23817053436597996
1418,0.23807116059590416
1081,0.23778769192817076
898,0.2376603511434895
1667,0.23753314667365352
1019,0.2373496470951678
1084,0.23726505057131306
1691,0.23708196481969987
1862,0.23699755896976704
1279,0.23695537857839843
969,0.2369272666578173
616,0.2368289274424835
1304,0.2365624177515686
902,0.2365624177515686
1829,0.2362825284735852
1635,0.23625457596814647
989,0.236226630075555
1381,0.23612887149379153
1887,0.23608699972322283
1401,0.23603119379018342
1814,0.2359475343405886
1733,0.23591966103470077
1015,0.23587786342157233
510,0.23537744482983583
1089,0.23504501037588915
357,0.23453434300161385
1414,0.23425922940278499
449,0.2341493645982814
518,0.23388884823549125
1276,0.23373828776436587
909,0.23356060238100015
1378,0.23334228318732744
958,0.2331515884255142
1034,0.23281183616912357
1194,0.2327168829061052
1363,0.23270332447666536
1892,0.23243248727406216
1295,0.23202741148585362
1474,0.2311679512280058
1270,0.23095408010393687
3604,0.2308873265112136
1027,0.2307672672358149
3586,0.23054082893607414
3605,0.23032811610157916
3693,0.23019536979525584
3496,0.23015557573570844
3547,0.23002302817999792
3621,0.2299303356926765
3726,0.22991710000676285
3904,0.2298774020902149
3775,0.22986417249755317
3566,0.229850944427547
3600,0.22981126935083337
3859,0.22979804736882134
3530,0.22974517465156652
3551,0.2297319602736388
3849,0.22970553607761007
3444,0.22970553607761007
3954,0.22969232625898464
3925,0.2296791179596023
3733,0.2296791179596023
557,0.2282876006697236
2901,0.22807902360195775
2894,0.2274296698165063
3431,0.22528737443270822
3779,0.22517306693637862
2142,0.22419982381798956
2266,0.22408661699492166
698,0.22372261588066342
2583,0.22313518778309968
2345,0.2229608050305618
3880,0.22255083642488907
2623,0.22253843666801226
410,0.22252603829280093
2531,0.22208061503016313
1939,0.22208061503016313
652,0.22206826761467163
673,0.22206826761467163
495,0.22192020565159928
2057,0.22187089552924585
2425,0.22156320304640173
362,0.2214649216144987
2065,0.22145264256583963
2337,0.22142808855291518
857,0.22142808855291518
2465,0.22130540011732514
365,0.22123185229408907
680,0.2211950967113853
2572,0.2211950967113853
3504,0.2211461082618617
2390,0.22107266625989286
2367,0.2210604306684461
2055,0.22104819643131796
2494,0.2209503712627916
2304,0.2208160029476716
2099,0.22077938540254735
1952,0.22062084960878722
533,0.22047471082565048
2029,0.22043820637548894
2416,0.22036523372786118
2525,0.22028016001089146
2310,0.22021943327548568
2141,0.21995263292678474
3596,0.2197348221003182
3938,0.21972273414663243
2479,0.2196985622286845
3545,0.21967439562850533
3521,0.21962607837443548
3684,0.21962607837443548
3456,0.2195415743042645
498,0.2194812540563515
3611,0.2194691939841466
3672,0.2194691939841466
3804,0.2194450778153664
3797,0.21943302171835424
3501,0.21942096694596955
3800,0.21940891349799407
3824,0.21938481057439768
3790,0.21938481057439768
3966,0.21938481057439768
3930,0.21938481057439768
371,0.21937276109834042
3971,0.21936071294581963
3442,0.21936071294581963
3842,0.21936071294581963
3793,0.21934866611661727
3926,0.21934866611661727
3968,0.21934866611661727
3449,0.21933662061051531
3640,0.2193245764272958
3734,0.2193245764272958
3514,0.21931253356674085
3584,0.21931253356674085
3705,0.21931253356674085
3625,0.21931253356674085
3488,0.2193004920286325
3869,0.21927641291888464
3576,0.21926437534680962
3902,0.21926437534680962
3687,0.21926437534680962
3858,0.21925233909631026
3617,0.21924030416716897
3831,0.21924030416716897
3528,0.21922827055916813
3518,0.21922827055916813
3629,0.21921623827209025
3722,0.2192042073057178
2566,0.2192042073057178
3455,0.2192042073057178
3884,0.2192042073057178
3593,0.2191921776598334
3557,0.2191921776598334
3731,0.21918014933421961
3924,0.21918014933421961
3828,0.21918014933421961
3702,0.21918014933421961
3841,0.21916812232865915
3918,0.21916812232865915
3794,0.21916812232865915
3829,0.21916812232865915
3573,0.21916812232865915
3945,0.21915609664293464
3635,0.21914407227682892
3542,0.21914407227682892
3680,0.21914407227682892
3505,0.21914407227682892
3782,0.21914407227682892
3822,0.21914407227682892
3568,0.21914407227682892
3642,0.219120027502605
3529,0.219120027502605
3558,0.219120027502605
3599,0.219120027502605
3740,0.219120027502605
3833,0.219120027502605
3921,0.219120027502605
3590,0.219120027502605
3728,0.21910800709405254
3491,0.21909598800425037
3486,0.21909598800425037
3438,0.21909598800425037
3468,0.21909598800425037
3527,0.21909598800425037
3475,0.21909598800425037
3826,0.2190839702329814
3714,0.2190839702329814
3907,0.2190839702329814
3555,0.2190839702329814
3670,0.2190839702329814
1968,0.2190839702329814
3480,0.21907195378002875
3569,0.21907195378002875
3658,0.21907195378002875
3559,0.21907195378002875
3706,0.21907195378002875
3764,0.21907195378002875
3469,0.21905993864517545
3690,0.21905993864517545
3870,0.21905993864517545
3656,0.21905993864517545
3852,0.21905993864517545
3463,0.21904792482820465
3471,0.21904792482820465
3645,0.21904792482820465
3821,0.21904792482820465
3810,0.21904792482820465
3730,0.21904792482820465
3915,0.21904792482820465
3578,0.21904792482820465
3534,0.21903591232889957
3913,0.21903591232889957
3710,0.21903591232889957
3667,0.21903591232889957
3711,0.21903591232889957
3753,0.21902390114704343
3845,0.21902390114704343
3512,0.21902390114704343
3618,0.21902390114704343
3825,0.21901189128241946
3713,0.21901189128241946
3707,0.21901189128241946
3683,0.21901189128241946
3554,0.21899988273481105
3931,0.21899988273481105
3850,0.21899988273481105
3969,0.21899988273481105
3466,0.21898787550400153
3497,0.21898787550400153
3703,0.21898787550400153
3909,0.21898787550400153
3601,0.21898787550400153
3615,0.21898787550400153
3654,0.21898787550400153
3563,0.21898787550400153
3760,0.21898787550400153
3462,0.21898787550400153
3891,0.21898787550400153
3460,0.21898787550400153
3628,0.21898787550400153
3738,0.21897586958977433
3459,0.21897586958977433
3574,0.21897586958977433
3927,0.21897586958977433
3768,0.21897586958977433
3484,0.21897586958977433
3517,0.21897586958977433
3499,0.21897586958977433
3957,0.21897586958977433
3785,0.21896386499191295
3867,0.21896386499191295
3947,0.21896386499191295
3634,0.21896386499191295
3474,0.21896386499191295
3492,0.21896386499191295
3509,0.21896386499191295
3803,0.21896386499191295
3472,0.21895186171020084
3802,0.21895186171020084
3817,0.21895186171020084
3648,0.21895186171020084
3643,0.21895186171020084
3698,0.21895186171020084
3450,0.21895186171020084
3452,0.21895186171020084
3786,0.21895186171020084
3773,0.21895186171020084
3564,0.21895186171020084
3866,0.21895186171020084
3889,0.21895186171020084
3591,0.21893985974442165
3443,0.21893985974442165
3685,0.21893985974442165
3759,0.21893985974442165
3735,0.21893985974442165
3763,0.21893985974442165
3832,0.21893985974442165
3592,0.21893985974442165
3956,0.21893985974442165
3533,0.2189278590943589
3929,0.2189278590943589
3535,0.2189278590943589
3941,0.2189278590943589
3778,0.2189278590943589
3881,0.2189278590943589
3933,0.2189278590943589
3623,0.21891585975979633
3776,0.21891585975979633
3934,0.21891585975979633
3493,0.21891585975979633
3498,0.21891585975979633
3458,0.21891585975979633
3761,0.21891585975979633
3511,0.21891585975979633
3524,0.21891585975979633
3539,0.21891585975979633
3788,0.21891585975979633
3896,0.2189038617405176
3895,0.2189038617405176
3823,0.2189038617405176
3736,0.2189038617405176
3532,0.2189038617405176
3510,0.2189038617405176
3483,0.21889186503630648
3470,0.21889186503630648
3809,0.21889186503630648
3903,0.21889186503630648
3646,0.21889186503630648
3862,0.21889186503630648
3644,0.21889186503630648
3796,0.21889186503630648
3770,0.21889186503630648
3792,0.21887986964694672
3548,0.21887986964694672
3837,0.21887986964694672
3976,0.21887986964694672
3583,0.21887986964694672
3522,0.21887986964694672
3752,0.21887986964694672
3898,0.21886787557222226
3815,0.21886787557222226
3503,0.21886787557222226
3777,0.21886787557222226
3500,0.21886787557222226
3715,0.21885588281191692
3465,0.21885588281191692
3478,0.21885588281191692
3967,0.21885588281191692
3620,0.21885588281191692
3876,0.21885588281191692
3603,0.21885588281191692
3950,0.2188438913658147
3515,0.2188438913658147
3784,0.2188438913658147
3972,0.2188438913658147
3695,0.2188438913658147
3622,0.2188438913658147
3908,0.2188438913658147
3914,0.2188438913658147
3799,0.2188438913658147
3520,0.2188438913658147
3769,0.21883190123369953
3765,0.21883190123369953
3538,0.21883190123369953
3546,0.21883190123369953
3476,0.21883190123369953
3958,0.21883190123369953
3774,0.21883190123369953
3708,0.21883190123369953
3571,0.21883190123369953
3602,0.21883190123369953
3614,0.21883190123369953
3630,0.21883190123369953
3562,0.21883190123369953
3757,0.21883190123369953
3960,0.21883190123369953
3649,0.2188199124153555
3964,0.2188199124153555
3936,0.2188199124153555
3481,0.2188199124153555
3979,0.2188199124153555
3754,0.2188199124153555
3888,0.2188199124153555
3507,0.2188199124153555
3523,0.2188199124153555
3587,0.2188199124153555
3631,0.2188199124153555
3662,0.2188199124153555
3594,0.2188199124153555
3675,0.2188199124153555
3613,0.2188199124153555
3610,0.2188199124153555
3868,0.21880792491056666
3827,0.21880792491056666
3549,0.21880792491056666
3552,0.21880792491056666
3572,0.21880792491056666
3847,0.21880792491056666
2252,0.21880792491056666
3490,0.21879593871911718
3655,0.21879593871911718
3664,0.21879593871911718
3461,0.21879593871911718
3624,0.21879593871911718
3743,0.21879593871911718
3940,0.21879593871911718
3920,0.21879593871911718
3701,0.21879593871911718
3720,0.2187839538407912
3863,0.2187839538407912
3783,0.2187839538407912
3772,0.2187839538407912
3632,0.2187839538407912
3668,0.2187839538407912
3671,0.2187839538407912
3973,0.2187839538407912
3666,0.21877197027537296
3739,0.21877197027537296
3725,0.21877197027537296
3502,0.21877197027537296
3805,0.21877197027537296
3579,0.21877197027537296
3638,0.2187599880226467
3446,0.2187599880226467
3696,0.2187599880226467
3864,0.2187599880226467
3865,0.2187599880226467
3457,0.2187599880226467
3669,0.2187599880226467
3607,0.2187599880226467
3937,0.2187599880226467
3700,0.2187599880226467
3911,0.21874800708239683
3813,0.21874800708239683
3767,0.21874800708239683
3766,0.21874800708239683
3494,0.21874800708239683
3567,0.21874800708239683
3641,0.21874800708239683
3970,0.21874800708239683
3657,0.21874800708239683
3467,0.21874800708239683
3839,0.21874800708239683
3479,0.21874800708239683
1913,0.21873602745440765
3892,0.21873602745440765
3912,0.21873602745440765
3595,0.21873602745440765
3477,0.21873602745440765
3834,0.21873602745440765
3977,0.21873602745440765
3679,0.21873602745440765
3727,0.21873602745440765
3917,0.21873602745440765
3789,0.21873602745440765
3923,0.21873602745440765
3755,0.21873602745440765
3819,0.21873602745440765
3531,0.2187240491384636
3883,0.2187240491384636
3691,0.2187240491384636
3616,0.2187240491384636
3647,0.2187240491384636
3441,0.2187240491384636
3585,0.2187240491384636
3857,0.2187240491384636
3932,0.2187240491384636
3536,0.2187240491384636
3560,0.2187240491384636
3814,0.2187240491384636
3541,0.2187240491384636
3661,0.21871207213434912
3874,0.21871207213434912
3745,0.21871207213434912
3665,0.21871207213434912
3581,0.21871207213434912
3489,0.21871207213434912
3955,0.21871207213434912
3639,0.21870009644184876
3899,0.21870009644184876
3919,0.21870009644184876
3771,0.21870009644184876
3749,0.21870009644184876
3565,0.21870009644184876
3513,0.21870009644184876
3910,0.21870009644184876
3887,0.21870009644184876
3653,0.21870009644184876
3660,0.21870009644184876
3580,0.21870009644184876
3928,0.21870009644184876
3965,0.21868812206074703
3637,0.21868812206074703
3652,0.21868812206074703
3916,0.21868812206074703
3963,0.21868812206074703
3816,0.21868812206074703
3844,0.21868812206074703
3801,0.21868812206074703
3516,0.21868812206074703
3905,0.21868812206074703
3871,0.21868812206074703
3445,0.21867614899082857
3439,0.21867614899082857
3689,0.21867614899082857
3686,0.21867614899082857
3544,0.21867614899082857
3751,0.21867614899082857
3787,0.21867614899082857
3673,0.21867614899082857
3894,0.21867614899082857
3897,0.218664177231878
3781,0.218664177231878
3939,0.218664177231878
3952,0.218664177231878
3575,0.218664177231878
3946,0.218664177231878
3879,0.218664177231878
3806,0.21865220678368008
3447,0.21865220678368008
3942,0.2186402376460195
3959,0.2186402376460195
2061,0.2186402376460195
3922,0.2186402376460195
3953,0.2186402376460195
3846,0.21862826981868103
3875,0.21862826981868103
3704,0.21861630330144957
3582,0.21861630330144957
3885,0.21861630330144957
3717,0.21861630330144957
3688,0.21861630330144957
3744,0.21861630330144957
3650,0.21860433809411
2358,0.21860433809411
3453,0.21860433809411
3856,0.21860433809411
3570,0.21860433809411
3709,0.21860433809411
3854,0.21860433809411
3732,0.21860433809411
3974,0.21860433809411
3451,0.21860433809411
3820,0.21860433809411
3729,0.21860433809411
2620,0.2185684503292921
2022,0.21848475801747627
2365,0.2184130727466224
3397,0.21817446120705106
2340,0.2181506287245335
3117,0.2181506287245335
2059,0.21813871443569
2040,0.2180196430850155
2073,0.21799584441204475
2069,0.21798394702382162
2507,0.2179482626496499
2561,0.2178175198406219
2590,0.2178175198406219
2482,0.21779376527168787
2108,0.21778188993007
2104,0.21777001588340242
2220,0.2176987987854954
1966,0.2176987987854954
1928,0.2176632077012253
2275,0.21762762825246465
2323,0.21761577102089377
2046,0.21756835501239152
2564,0.21750911405094395
2430,0.21748542669847448
2575,0.21741439558638528
2020,0.21741439558638528
2996,0.21740256157835205
2165,0.21736706728258418
2098,0.21735523842607118
2521,0.21734341085691267
3347,0.21733158457489848
2793,0.21733158457489848
3280,0.21728429231408355
2386,0.21728429231408355
2655,0.21718976951155433
3060,0.21716615165928035
2556,0.21716615165928035
2299,0.2171189313610287
2661,0.21703634523270576
2490,0.21700097040733912
3072,0.21697739359612583
3252,0.21697739359612583
3419,0.21689491508647754
1962,0.21687136131386675
2306,0.21678896338023687
3350,0.21675366914405406
3411,0.21670662803523866
2549,0.21668311513684607
3396,0.21664785535460426
3327,0.2165656271386154
3111,0.21655388534577552
3172,0.21654214482610376
3267,0.21647172843301088
3224,0.21645999681972056
3219,0.21641308307962093
2626,0.2163544694933906
2574,0.21634275058593241
2499,0.216331032947922
2109,0.21629588764851532
3288,0.21626075376671636
25,0.21615542057135426
3115,0.21607356566499777
26,0.2160501899344125
3332,0.21594506170617883
2958,0.21585170024413555
2865,0.21584003573723232
2352,0.21567686491265642
325,0.21557209959615092
3081,0.21543257072909838
13,0.21538610123584362
2432,0.21536287400611906
3062,0.21510770472412127
2685,0.21509612048669738
2534,0.21502664125531543
132,0.21502664125531543
3373,0.21488781736253748
2836,0.2148531393930868
2173,0.21479536764277946
3043,0.21479536764277946
2819,0.2147376269525529
3264,0.21466837908833084
2823,0.2146568421194972
868,0.2145761180464964
865,0.2145761180464964
2765,0.21454154059824268
2497,0.2144378750841557
3007,0.21442636287740827
2870,0.2144148519066719
1936,0.21438032640853869
2403,0.21428831274840301
3321,0.2142308443100989
2193,0.21419637804030053
2947,0.21409304573957355
2701,0.21403568197403589
2882,0.21398981308960535
2162,0.21380653398198618
3124,0.21371501210966257
3261,0.2133041314455265
2316,0.21322442138145867
3207,0.21315614587028947
3448,0.2131333970820429
2915,0.21301972593693247
3341,0.21299700625626514
3860,0.2129288762830517
3306,0.21291752552468063
3272,0.21288348050940645
3674,0.21280408446467494
1961,0.21277007571476048
3103,0.21273607783315493
3838,0.21269076422160307
2910,0.21264546990989108
3737,0.2126115118342108
3056,0.21256625126756168
3886,0.21237410864664666
3873,0.21235152646698305
3276,0.21228380873332364
2757,0.21215977166246064
2919,0.21212596852288937
3780,0.2121147032032652
2995,0.2121034390801064
2906,0.21199086361220126
3326,0.21199086361220126
2896,0.2119233756734485
3307,0.21187840758142718
3000,0.21179975932323067
2920,0.21178852862386574
372,0.21178852862386574
2949,0.21174361773405526
3157,0.21173239298756805
3697,0.21172116943108846
3026,0.21167628710146189
3944,0.2116650694921825
3041,0.21158657950508472
2944,0.2115641644852738
2782,0.21148574930199535
619,0.21148574930199535
2797,0.2114633556394263
2683,0.21140739222555888
3065,0.211385015153082
2942,0.2112955542145418
3048,0.21128437692115343
3170,0.2112620258815976
3213,0.21125085213505496
3144,0.2111615046956111
2911,0.2111280188876987
3356,0.21111685931166996
2994,0.21101647618963884
2974,0.21100532840179007
2802,0.2109830363592776
2666,0.21092732685453547
2763,0.21090505128933806
3220,0.2108939152710008
3184,0.21079374400028944
3795,0.21079374400028944
3978,0.21074925397411798
3114,0.2107381344018089
2985,0.21066033023826392
2854,0.210593686666534
3241,0.21043834885761245
2731,0.2104050919937567
3394,0.21036076585650623
3383,0.2103386097907991
3286,0.21032753350802968
2727,0.21031645839173735
3399,0.21026110030098358
3197,0.2101504714993941
2967,0.2101504714993941
3370,0.21001787050780757
2895,0.21000682797820516
2816,0.20998474640226508
3323,0.20998474640226508
2948,0.20997370735556115
2860,0.20994059717831717
2794,0.20985235440117078
2726,0.20967609120255573
2888,0.20962106966083152
2710,0.20952210362049437
3028,0.20951111316184873
3044,0.209423230983509
3315,0.20941225089485052
3436,0.2090614949655841
459,0.20901773307433585
2952,0.20898492367713917
571,0.20897398950020846
54,0.2089302642317039
3425,0.20885378902517693
3227,0.20881011403792785
269,0.20878828339349106
3980,0.20878828339349106
3376,0.20876645731327012
448,0.2086573953253309
3333,0.20861380242961894
2798,0.20861380242961894
3317,0.20846137063243653
3134,0.20839611088998664
3045,0.20825485485778633
3423,0.20800540888019392
2879,0.20797291649661465
3216,0.20791878507639167
4031,0.2078755002247051
3143,0.2078755002247051
3200,0.20782141949724148
2982,0.20778898456547104
3322,0.20778898456547104
2776,0.20778898456547104
2767,0.20776736690165853
406,0.2076593460183781
2930,0.20755143739957826
3180,0.20755143739957826
2732,0.20754065270550712
2774,0.2074436408703378
3268,0.20737901668315079
236,0.2069277723198365
72,0.20664941335458836
158,0.20648916203885045
257,0.206350478472695
75,0.20630784407631633
79,0.20622262811428563
85,0.20620133512222424
501,0.20620133512222424
441,0.2061906902750237
274,0.20616940387743168
351,0.20614812187445078
221,0.20612684426472025
184,0.20600989587979593
5,0.2059567813807809
38,0.20591430949721523
168,0.20587185512692563
65,0.20586124426953323
356,0.20580820638519523
207,0.20580820638519523
682,0.20370887240870528
631,0.20366732248827107
288,0.20099234406790883
295,0.20095189481371925
159,0.20095189481371925
208,0.20092156855563578
283,0.20086094349094716
222,0.20075998297650083
625,0.20072971461038716
23,0.20062888594120373
227,0.20032700678691362
191,0.200226582179541
111,0.20021654525627772
36,0.20018644052312973
2,0.20014631495878354
151,0.20014631495878354
143,0.20014631495878354
28,0.20011623134012146
89,0.20009618061807943
192,0.20005609122551885
321,0.2000460713872325
337,0.2000160178936093
293,0.19998597342867436
562,0.19995593798835964
206,0.1998858903672047
71,0.1998658857744938
95,0.19984588518550406
47,0.19974594225432507
256,0.19973595345889303
179,0.19973595345889303
286,0.19973595345889303
3742,0.19930737830925568
583,0.19895989346537904
640,0.19892025804659016
670,0.19886083451916772
2025,0.19831776868507867
2077,0.1982193479562027
2097,0.1981701742157025
2435,0.19795409928718263
2179,0.1978266399860071
401,0.1977874547547531
2311,0.1972210083605315
2044,0.19686134660739732
2262,0.19657069055157655
2341,0.19586699986845252
2146,0.19569426072109183
2156,0.19568467303500486
2120,0.19563674869305858
2357,0.1954452858346782
2402,0.19537836234004227
2051,0.19528283681208058
2405,0.1951874046482668
2082,0.1950063402654762
2505,0.19497778185586936
2450,0.1949492318097171
2113,0.19490166697494188
2380,0.19490166697494188
2375,0.1948731392133823
2070,0.19480660690228183
1949,0.1945978007950053
2515,0.19426653021972198
2320,0.19423818807165705
2527,0.19404002435471646
1915,0.19402117270560013
1956,0.19325139642527017
3464,0.18865995282780615
3612,0.18822431014691252
3561,0.1879143665639842
3712,0.18783483170228948
3543,0.18767596378711981
3747,0.1876142543716231
3659,0.18749095720403153
686,0.1851615530720636
713,0.18451147324421324
805,0.18439221925661253
745,0.1843496658966807
830,0.1842816213581934
819,0.18414568286387664
708,0.18412870465229045
810,0.18412021672048512
697,0.18412021672048512
800,0.18412021672048512
803,0.18399299158455334
772,0.18399299158455334
753,0.18393368000541027
798,0.18388287193579872
729,0.18385747842558847
703,0.1838490154806667
840,0.18384055331480642
776,0.18381517149051885
856,0.18371371424117952
769,0.1835279998767396
880,0.18348584441921556
890,0.18308213519057043
869,0.18296472108646286
876,0.1828390872656207
871,0.1828390872656207
889,0.18283071781184126
863,0.18282234912424974
888,0.18281398120274092
878,0.18280561404720966
864,0.18278051717542942
893,0.1827721530827568
861,0.18275542719366203
886,0.18272198459753347
874,0.1826969106814328
872,0.18268855423855299
881,0.18268855423855299
879,0.18268855423855299
870,0.18268855423855299
884,0.1826801985600752
873,0.1826801985600752
887,0.1826801985600752
866,0.1826801985600752
867,0.1826801985600752
858,0.18267184364589453
895,0.18267184364589453
894,0.18267184364589453
883,0.18264678348808688
892,0.18264678348808688
891,0.18264678348808688
875,0.18264678348808688
859,0.18264678348808688
877,0.18264678348808688
3626,0.18137776946176304
3906,0.1809422787586067
3506,0.18090949639086348
3758,0.18084396727870522
3526,0.18083577947740678
3900,0.18068035200024807
3553,0.18068035200024807
3719,0.18066400675400235
3762,0.18062315657384725
3951,0.18053335117146466
3485,0.18050887428560058
3835,0.18049256004869105
3627,0.18047624876044843
3718,0.1804517873550865
3508,0.18037844290825472
3681,0.18037844290825472
3636,0.18037029720544998
3836,0.18036215223831492
3843,0.18031329787898895
3608,0.18028888062279877
3818,0.18025633456618306
3519,0.18023193273396884
3855,0.18019940723291153
3893,0.18018314888426418
3791,0.18016689346914538
3482,0.18016689346914538
3678,0.18015064098676126
3840,0.18009378038224746
3598,0.18009378038224746
3878,0.18005318763546338
3663,0.17998827728887767
3724,0.17993151911512226
3890,0.17988289773542981
411,0.17981001491547668
3901,0.1797533690961964
3597,0.17972910324067334
3848,0.17972101607800053
3882,0.17972101607800053
3975,0.1797129296430814
3812,0.17969675895611123
3694,0.17960787217004606
3473,0.1795997959133722
3949,0.1795432824470684
3619,0.17951907327598923
3588,0.17949487063263905
3682,0.1794868045350058
3716,0.17943842316894218
3606,0.17943842316894218
3811,0.1794142422656313
3537,0.1794061834127244
3676,0.17934979170711648
3699,0.17931758378905827
3807,0.17930953361694654
3808,0.17926929359593732
3746,0.17923711458075228
76,0.1775716828043162
4030,0.17274110636266257
3998,0.1727037601642013
3982,0.1726738948302055
3997,0.1726738948302055
3994,0.1726738948302055
4004,0.1726738948302055
4038,0.17266643011056043
4014,0.17266643011056043
3995,0.17266643011056043
4009,0.17265896603628947
4002,0.17265896603628947
3981,0.17265896603628947
4021,0.17265896603628947
4013,0.17265150260730888
4019,0.17265150260730888
4027,0.17263657768488433
4026,0.17263657768488433
4017,0.17263657768488433
4020,0.17263657768488433
3986,0.17263657768488433
4000,0.17263657768488433
4003,0.17262911619127302
3989,0.17262165534261753
3993,0.17262165534261753
3988,0.17262165534261753
3996,0.1726067355798394
4037,0.1725992766655496
3991,0.17259181839588125
4025,0.17259181839588125
4016,0.17259181839588125
3992,0.1725843607707507
3990,0.1725843607707507
4032,0.1725843607707507
4033,0.1725843607707507
4007,0.1725843607707507
4006,0.1725843607707507
3983,0.17257690379007448
4011,0.17257690379007448
3999,0.17257690379007448
4036,0.17257690379007448
4028,0.17257690379007448
4022,0.172569447453769
4001,0.172569447453769
4024,0.172569447453769
4012,0.172569447453769
3987,0.172569447453769
4010,0.172569447453769
4015,0.172569447453769
4035,0.172569447453769
4008,0.172569447453769
4029,0.172569447453769
3984,0.172569447453769
454,0.17076185811532638
828,0.15673049212515633
747,0.15661986751303755
824,0.15655847684687535
719,0.15655234042713456
694,0.1565462044884175
724,0.1565400690306676
781,0.15652779955784316
815,0.15649713428875026
853,0.15649713428875026
728,0.15648487154511379
774,0.15646648103253355
823,0.15646035182221418
842,0.15645422309207113
820,0.15644809484204794
705,0.15644809484204794
695,0.15644809484204794
834,0.15644809484204794
726,0.1564419670720882
784,0.1564419670720882
766,0.15643583978213552
829,0.15642358664202569
752,0.1564174607917558
687,0.1564174607917558
696,0.1564113354212674
760,0.15640521053050413
718,0.15639908611940967
754,0.15639908611940967
739,0.15639296218792764
847,0.15639296218792764
849,0.15639296218792764
797,0.15638683873600173
817,0.1563807157635756
738,0.1563807157635756
731,0.1563807157635756
787,0.1563807157635756
770,0.15637459327059292
848,0.15636847125699738
764,0.1563623497227327
701,0.15635622866774257
734,0.15635622866774257
765,0.15635010809197072
711,0.15635010809197072
835,0.15633786837785674
792,0.15633786837785674
688,0.15633786837785674
807,0.15633786837785674
741,0.15633786837785674
793,0.15633174923940207
758,0.15633174923940207
748,0.15633174923940207
804,0.15632563057994064
818,0.15632563057994064
755,0.15632563057994064
720,0.15632563057994064
706,0.15631951239941622
737,0.15631951239941622
783,0.15631951239941622
777,0.15631951239941622
779,0.15631951239941622
709,0.15631951239941622
809,0.15631339469777253
762,0.15631339469777253
778,0.15631339469777253
833,0.1563072774749534
722,0.15630116073090256
837,0.15630116073090256
844,0.15630116073090256
736,0.15629504446556383
843,0.15629504446556383
795,0.15629504446556383
730,0.15629504446556383
751,0.15628892867888103
850,0.15628281337079797
799,0.15627669854125847
794,0.15627058419020634
716,0.15626447031758545
812,0.15626447031758545
827,0.15626447031758545
771,0.15626447031758545
746,0.15626447031758545
735,0.15625835692333961
690,0.15625835692333961
816,0.15625835692333961
715,0.15625835692333961
723,0.15625835692333961
742,0.15625224400741272
813,0.15625224400741272
846,0.15625224400741272
836,0.15624613156974862
822,0.1562400196102912
761,0.1562400196102912
710,0.1562339081289843
825,0.1562339081289843
839,0.1562339081289843
756,0.1562339081289843
721,0.1562277971257719
789,0.1562277971257719
733,0.15622168660059782
740,0.15622168660059782
712,0.15620946698414034
773,0.15620335789274478
780,0.15619724927916326
700,0.15619724927916326
689,0.15619114114333973
691,0.15619114114333973
725,0.15619114114333973
702,0.15618503348521817
808,0.15618503348521817
796,0.1561667133765047
790,0.1561667133765047
704,0.1561667133765047
767,0.15616060762863057
757,0.15616060762863057
788,0.15616060762863057
832,0.15614229324931525
814,0.15613618941079252
699,0.15613618941079252
785,0.15613618941079252
854,0.15613618941079252
717,0.15613008604946776
744,0.15613008604946776
852,0.15612398316528492
841,0.15612398316528492
749,0.15611788075818808
692,0.15610567737502867
801,0.15610567737502867
750,0.15610567737502867
743,0.15610567737502867
727,0.1560873758770364
845,0.15608127633128113
831,0.15605078575180636
838,0.15600202559533977
693,0.1559532959008818
782,0.15588025841304626
763,0.15588025841304626
826,0.15588025841304626
851,0.1558255251762439
759,0.1558133674540643
882,0.15546161689699067
811,0.15543136791522294
855,0.1552018597753054
885,0.15516568359106034
4023,0.14735187269672706
4018,0.14722152087421614
3985,0.14716727565650273
4005,0.14715643140953077
821,0.13542143694709038
786,0.1353893041360457
768,0.13525634477878373
806,0.13522886854406432
732,0.13521055725516193
714,0.13518767511651664
791,0.13518767511651664
707,0.13517852442946776
802,0.13517852442946776
775,0.13497296097990957
4034,0.12834162981001523
2704,0.0
3748,0.0
209,0.0
3798,0.0
3589,0.0
3125,0.0
114,0.0
3853,0.0
2595,0.0
585,0.0
3935,0.0
2569,0.0
2998,0.0
638,0.0
2457,0.0
90,0.0
860,0.0
602,0.0
33,0.0
12,0.0
3408,0.0
377,0.0
