Node,PageRank
3437,0.007724709
107,0.007051994
0,0.006325889
1684,0.006270657
1912,0.003776701
3980,0.00234478
686,0.002237604
348,0.002149502
414,0.00172504
698,0.001398872
483,0.001250534
3830,0.001098308
376,0.000955021
2047,0.000898459
713,0.000860677
428,0.000843012
56,0.000840976
828,0.000836246
25,0.000790851
322,0.00078466
475,0.000777905
2313,0.000769374
277,0.000758017
271,0.000747305
252,0.000738552
26,0.000735721
1888,0.000734676
21,0.000732026
3596,0.000731701
3938,0.000720951
3521,0.000720512
917,0.000720442
119,0.000710582
67,0.000707774
3397,0.000705605
1783,0.000701261
637,0.000697969
3101,0.000697712
412,0.000697334
3545,0.000697328
3604,0.000690799
2951,0.000688963
2543,0.000687785
563,0.000686549
705,0.000678149
805,0.000672832
1663,0.000667949
1800,0.00066555
353,0.000664947
373,0.000661468
1730,0.000659632
3291,0.000658839
3442,0.000653319
203,0.000648582
1431,0.000646903
3082,0.000644988
745,0.000643239
484,0.000640406
2742,0.00063963
1584,0.000639357
3320,0.000638756
1086,0.000638731
122,0.000637028
1352,0.000634779
2730,0.000634209
517,0.000632077
1199,0.000627325
4030,0.000625635
747,0.000624982
2839,0.00062437
366,0.000621597
3363,0.000619081
136,0.000617186
606,0.000616696
9,0.000614811
3684,0.000612047
1768,0.000611928
3633,0.000607117
2863,0.00060576
2347,0.000604388
363,0.000604062
239,0.000602143
3756,0.000599786
2384,0.000597741
3584,0.000587097
1277,0.000585613
3280,0.000583567
3495,0.000583496
3051,0.00058285
1472,0.000582718
2716,0.000581476
823,0.000581453
2133,0.000580861
3198,0.000580705
719,0.000580381
896,0.000580047
2199,0.000578998
3154,0.00057728
1126,0.000576269
4023,0.000574059
315,0.000573216
538,0.000571797
3116,0.000571185
200,0.00057118
1827,0.000569625
1377,0.000568944
824,0.000568326
697,0.000566884
1964,0.000565498
1746,0.000563984
2111,0.000563856
1399,0.00056348
1589,0.000562685
497,0.000561937
2719,0.000559781
2778,0.000559564
3948,0.000558507
513,0.000557023
1505,0.000553433
3506,0.000552283
566,0.000552263
3434,0.000552058
1833,0.000551358
1612,0.000551331
3793,0.000551285
1718,0.000550192
1085,0.000548553
1559,0.000548116
3090,0.000547812
856,0.000547008
272,0.00054694
1835,0.000545828
694,0.000541489
724,0.00054114
422,0.000541109
3456,0.000538778
2724,0.000538446
830,0.000537357
3918,0.000537192
2754,0.000534326
1941,0.000534219
1070,0.000531609
1536,0.000530712
285,0.00052875
2283,0.00052846
1104,0.000526638
1804,0.000526481
465,0.000525763
2793,0.000525389
1613,0.000525304
1551,0.00052417
1358,0.000523985
1813,0.000522719
781,0.000521143
2661,0.000520216
3019,0.000519098
1577,0.00051692
3611,0.000515192
1390,0.000514693
98,0.000513874
3330,0.000513079
3426,0.000512544
1707,0.000511645
2007,0.000511626
431,0.000511299
199,0.000510529
3256,0.000510249
580,0.000509868
1376,0.00050494
2117,0.000504736
2966,0.000504065
559,0.00050395
304,0.000503194
1583,0.000503065
3838,0.000502752
2333,0.000502645
3804,0.000501453
1714,0.000501395
925,0.000499542
395,0.000497563
1211,0.000497194
1786,0.000496891
188,0.000495745
3038,0.000494979
3851,0.000494241
2032,0.000493964
2328,0.000493832
3201,0.000493097
1367,0.000493025
3577,0.000492711
1078,0.000491899
186,0.000491344
561,0.000490782
1459,0.000490521
1610,0.000488296
3829,0.000487972
1622,0.000487707
2289,0.000487166
1621,0.000486825
40,0.000486408
1204,0.000486155
3232,0.000485853
2877,0.000485012
2081,0.000484112
2598,0.000483875
3185,0.00048372
500,0.000482999
553,0.000482957
3150,0.000482313
946,0.00048078
3076,0.000479747
3906,0.000479671
280,0.00047955
3593,0.000479376
853,0.000479122
1391,0.0004787
400,0.000478455
1014,0.000477841
567,0.000477438
1839,0.000477281
3140,0.00047703
3351,0.000476894
438,0.000476876
3930,0.000476135
2126,0.000475953
3998,0.000475594
1059,0.000473829
3233,0.00047371
3132,0.00047355
1591,0.00047352
332,0.000473453
3586,0.000473437
3971,0.000473152
312,0.00047109
3800,0.000469203
1703,0.000468585
507,0.00046815
2054,0.000467041
3824,0.000466565
1471,0.000465649
142,0.000465125
1604,0.000464042
1630,0.000463825
2266,0.000463297
2087,0.000462734
3968,0.000462287
1985,0.000461663
1184,0.000461451
3877,0.000460917
3152,0.000460913
1235,0.000460876
460,0.000460867
2282,0.000460313
3026,0.000459446
2642,0.000459165
1420,0.000458908
630,0.0004581
3360,0.0004578
3396,0.000456827
3672,0.000456582
3060,0.000455682
3263,0.000455464
2901,0.000455416
1345,0.000455379
3302,0.000454713
2927,0.000454316
3162,0.000453365
3758,0.000452655
2669,0.000452648
3214,0.000452493
2738,0.000451852
2915,0.000451417
323,0.000451057
370,0.000450989
1554,0.000450801
2268,0.000450791
1192,0.000450674
172,0.000450332
526,0.000449933
2336,0.000449828
3677,0.00044974
1522,0.000449511
2786,0.000449494
3966,0.000448803
1687,0.000448795
2038,0.000447614
169,0.000445844
2904,0.000443626
3629,0.000443613
3705,0.000443202
3790,0.000442684
2187,0.000440726
3136,0.000440687
1844,0.000440481
592,0.000440003
3027,0.000439197
2679,0.000439053
1516,0.000438819
1893,0.000438723
3324,0.000438596
1006,0.000437926
2944,0.000437538
1574,0.000437512
2782,0.000437058
993,0.000437057
2233,0.000437038
2956,0.000436978
492,0.000436814
3017,0.000436789
1557,0.000436493
1736,0.00043635
1791,0.000436294
3084,0.000435804
115,0.0004357
2833,0.000435643
3104,0.00043553
19,0.000435492
3078,0.000435248
1662,0.000434604
236,0.000434123
3417,0.00043364
313,0.000433617
1238,0.000433094
170,0.000432729
3002,0.000432533
506,0.000432305
1146,0.000432218
1447,0.000432126
3077,0.000432109
2142,0.000432046
1322,0.000431153
1742,0.000431036
1926,0.000430656
2555,0.000430304
3501,0.000429593
1709,0.000429574
1338,0.000429329
3274,0.000429118
2992,0.000428937
3680,0.000428894
3924,0.000428848
3734,0.00042884
2973,0.000428696
2176,0.000428633
3350,0.000428318
113,0.000428006
3321,0.000427214
339,0.000426655
3252,0.000426437
1032,0.000426402
1469,0.000426264
1331,0.000425835
3455,0.00042575
378,0.000425013
827,0.00042461
41,0.000424405
1879,0.000423982
2755,0.000423854
3449,0.000423454
2068,0.000423453
3035,0.000423294
3568,0.000422754
419,0.00042275
3347,0.000422289
2986,0.000421453
3945,0.000420967
2890,0.000420863
1185,0.000420698
1871,0.000420501
703,0.000420211
1275,0.000419704
325,0.000419644
2511,0.00041958
3797,0.00041903
3087,0.000419017
688,0.000418945
261,0.000418542
374,0.000418437
3640,0.000418358
1761,0.000418282
2694,0.000418255
391,0.000417884
2292,0.000417856
1052,0.000417408
2138,0.000417326
524,0.000417317
1793,0.000416045
1222,0.000415006
3464,0.000414103
1329,0.00041407
2780,0.000413998
2509,0.000413909
1124,0.000413678
1799,0.000413312
3529,0.000412997
1427,0.000412896
2849,0.000412811
2102,0.000412535
695,0.000411937
3267,0.000411208
3406,0.000410657
514,0.000409973
544,0.000409774
916,0.000409457
118,0.000408983
2928,0.000407705
3277,0.000407683
3926,0.000407675
3182,0.000407557
3722,0.000407508
1076,0.000407454
1573,0.000407346
3366,0.000407302
579,0.000407203
2906,0.000406978
3869,0.000406653
213,0.000406258
542,0.000406222
980,0.000406115
3145,0.00040496
1173,0.000404637
3617,0.000404224
3951,0.000403962
1250,0.000403899
3033,0.000403606
2149,0.000403554
175,0.000403331
3625,0.000402528
3342,0.000402119
2611,0.000401974
1729,0.000401934
651,0.000401812
842,0.000401795
2748,0.000401339
389,0.000401308
3049,0.000401178
3387,0.00040105
1717,0.000400758
2471,0.000399582
1945,0.000399395
3344,0.000399366
3921,0.000399012
2869,0.000398727
1132,0.00039844
1153,0.000398396
1509,0.00039799
3107,0.000397897
2750,0.000397647
2072,0.00039758
1675,0.000397554
1603,0.000397547
1462,0.000397467
1175,0.000397129
3514,0.000396749
2224,0.000396484
2218,0.000396185
1488,0.000395706
3794,0.00039557
397,0.000395514
819,0.000395402
2649,0.000395333
1017,0.000395268
2078,0.000395006
1669,0.000394573
1256,0.000394483
2629,0.00039442
2153,0.00039438
3833,0.000394246
815,0.000394095
1620,0.000394042
329,0.000393323
641,0.000393136
3842,0.000392849
1361,0.000392673
2526,0.000392568
1479,0.00039246
525,0.000392457
2960,0.000392282
2279,0.000392256
3247,0.00039202
2410,0.000391604
2461,0.000391486
1661,0.000390639
3902,0.000389642
436,0.000389527
1269,0.000389297
456,0.000389276
515,0.00038911
2867,0.000388731
3327,0.000388445
2463,0.000388202
3345,0.000388073
2229,0.00038777
2510,0.000387407
2419,0.000387389
2592,0.000387128
2909,0.000387112
1467,0.000387007
402,0.000386913
109,0.000386877
1960,0.0003865
493,0.000386473
2183,0.000385287
1330,0.000385206
3348,0.000384964
728,0.000384831
3782,0.000384773
1725,0.000384717
1831,0.000384437
1993,0.000383896
520,0.000383819
3419,0.000383744
2491,0.00038358
1920,0.000383518
3113,0.000383129
3505,0.000382878
3488,0.000382816
1983,0.000382776
3546,0.000382454
2302,0.000382207
2206,0.000382176
1947,0.000382105
2925,0.000381758
2916,0.000381228
2683,0.000381224
784,0.000380978
2560,0.00038081
1628,0.00038075
2088,0.000380578
1335,0.000380523
556,0.0003805
1867,0.00038009
3740,0.000379876
1757,0.000379857
3558,0.000379699
1107,0.000379679
53,0.000379639
820,0.000379484
2309,0.000379321
2344,0.000379314
3172,0.000379037
2143,0.000378779
596,0.000378695
2247,0.000378379
1255,0.000378107
1504,0.000378084
834,0.000377153
1230,0.000377133
346,0.000377085
3385,0.000377058
214,0.000377042
342,0.00037697
3072,0.00037686
417,0.000376744
2674,0.000376741
3728,0.000376362
455,0.000375848
1456,0.000375752
3054,0.000375647
2872,0.000375074
2866,0.000374809
1946,0.000373436
3362,0.000373216
1237,0.00037311
2676,0.000372615
3468,0.000372515
1221,0.000372289
2828,0.000372196
2240,0.000372133
1876,0.000371997
3020,0.000371675
2174,0.000371202
1101,0.000370974
726,0.00037089
3599,0.00037076
1683,0.000370746
432,0.000370714
3365,0.000370698
2864,0.000370463
1491,0.000370352
3900,0.000369806
2777,0.000369644
1214,0.000369544
1770,0.000369479
2601,0.000369176
2468,0.000369111
82,0.000369054
2327,0.000368859
1598,0.000368851
3448,0.000368837
404,0.000368724
573,0.000368702
2706,0.000368547
1943,0.000368529
2123,0.000368461
2131,0.000368455
2150,0.000368304
3822,0.000368167
1750,0.000367867
2127,0.000367863
1794,0.000367729
1636,0.000367553
1816,0.000367419
2241,0.000366954
2369,0.00036652
2507,0.000366344
2324,0.000366216
1347,0.000366099
211,0.000366062
3486,0.000365789
1465,0.000365565
2244,0.000365495
2294,0.000365485
3737,0.000365415
2910,0.000365378
2542,0.000365284
2567,0.000364559
171,0.000364516
2757,0.000364452
2428,0.000364412
2939,0.000364406
1972,0.00036434
1320,0.000364287
3553,0.00036421
1366,0.000364185
1809,0.000364012
3353,0.000363911
1995,0.000363497
1959,0.000363496
3690,0.000363146
326,0.000362828
1066,0.000362613
1902,0.000362477
947,0.000362298
1067,0.000361808
504,0.000361661
2319,0.00036152
1373,0.000361135
2624,0.000361109
3525,0.000360853
2059,0.000360844
3982,0.000360789
2800,0.000360692
2969,0.000360626
1570,0.000360145
2464,0.000359785
1231,0.000359614
3540,0.000359372
2129,0.000359197
2590,0.000358904
224,0.000358788
1666,0.000358771
2180,0.000358168
2223,0.000358163
2894,0.000358156
2943,0.000358081
3253,0.000358038
1721,0.000357767
2172,0.000357764
2340,0.000357697
1608,0.000357647
3962,0.000357472
2071,0.000357376
2125,0.0003573
2325,0.000357147
13,0.000356803
291,0.000356586
1482,0.000356242
1938,0.000356163
1868,0.000356066
1689,0.000355881
2659,0.00035587
708,0.000355859
2376,0.000355743
1954,0.000355675
3022,0.000355554
1917,0.000355483
1899,0.000355159
1125,0.000355094
3860,0.000354792
1951,0.000354751
249,0.000354656
1665,0.000354633
1520,0.000354094
2053,0.000353815
1668,0.000353534
2395,0.00035351
2361,0.000353507
3011,0.000353087
3119,0.000352485
766,0.000352095
1261,0.000351465
1842,0.000351465
2586,0.000351229
1159,0.000350893
3605,0.000350777
1341,0.000350682
1861,0.000350636
2201,0.000350571
3997,0.00035044
3994,0.000350083
2602,0.000350043
800,0.000349946
810,0.000349927
3226,0.000349811
3466,0.00034957
1864,0.000349396
2188,0.00034932
2664,0.000349261
2220,0.000348846
144,0.00034882
773,0.000348526
503,0.000348372
1845,0.000348145
2936,0.000348125
2937,0.000348076
2946,0.000348057
2039,0.000347964
1360,0.000347781
3576,0.000347385
1267,0.000347263
2290,0.000346902
718,0.000346779
2955,0.000346775
2608,0.000346346
1495,0.000346333
2073,0.000345674
3168,0.000345477
3120,0.000345136
2625,0.000345058
2604,0.000344989
774,0.00034496
2250,0.000344869
1525,0.000344746
3538,0.000344707
2905,0.00034449
3412,0.000344269
1600,0.000344259
1117,0.000344174
104,0.000344061
3117,0.000343901
2781,0.000343857
3174,0.000343818
2991,0.000343714
2184,0.000343623
1547,0.000343593
2414,0.000343583
3810,0.000343484
2607,0.000343457
3056,0.000343432
4004,0.0003432
3000,0.000343102
1334,0.000342963
3339,0.000342696
1823,0.000342613
2037,0.000342316
2398,0.000342262
1741,0.000341738
1227,0.000341606
2118,0.000341555
3295,0.000341227
2196,0.000341224
3411,0.000341121
2064,0.00034091
1502,0.000340854
1079,0.000340785
1984,0.000340624
3179,0.00034019
3005,0.00034006
3764,0.000340041
1409,0.000339994
1304,0.000339865
2758,0.000339823
1473,0.00033958
3070,0.000339375
2090,0.00033919
2865,0.00033902
1048,0.000338847
1549,0.000338767
1567,0.000338666
3836,0.000338471
1080,0.000338343
1849,0.000338233
3369,0.000337967
423,0.000337871
1243,0.000337726
320,0.0003375
3335,0.000337491
3195,0.000337261
2593,0.000337041
1619,0.000337004
739,0.000336779
2331,0.000336623
1282,0.000336343
1962,0.000336339
829,0.000336204
1548,0.000336181
3687,0.000336141
2615,0.000336129
2920,0.000336128
3873,0.000336071
3692,0.000335987
1191,0.000335862
408,0.000335837
1475,0.00033583
3261,0.00033506
930,0.000334983
1752,0.000334814
2363,0.000334776
1617,0.000334712
3907,0.000334383
752,0.000334349
2989,0.000334074
3628,0.00033404
967,0.000333986
444,0.000333743
1487,0.000333451
2729,0.000333449
780,0.000333404
3096,0.000333225
2630,0.000333185
334,0.000333182
2171,0.00033303
942,0.000332976
3106,0.000332899
2617,0.00033283
654,0.000332788
953,0.000332354
3821,0.000332347
3240,0.000332291
1828,0.000332213
3933,0.000332014
2093,0.000331927
1715,0.000331478
463,0.000331348
2030,0.000331321
2103,0.00033122
2236,0.00033084
2028,0.000330833
2169,0.000330639
1596,0.000330563
2356,0.000330463
2339,0.000330139
4021,0.000330093
324,0.000330084
3858,0.000330052
1645,0.000330049
2451,0.000329981
2913,0.000329848
1041,0.00032981
1496,0.000329703
360,0.000329476
2351,0.000329429
787,0.000329357
1158,0.000329262
3332,0.000329053
3826,0.000328983
2381,0.000328779
2104,0.000328707
2052,0.000328686
3196,0.0003286
2550,0.000328552
2377,0.000328534
2045,0.000328533
143,0.000328476
2827,0.000328458
2448,0.00032841
2553,0.000328066
3177,0.000327972
2785,0.000327554
1886,0.000327098
1597,0.000327066
1291,0.000326669
966,0.000326626
2616,0.00032646
1688,0.000326375
3711,0.000326339
1305,0.000326238
3207,0.00032614
1515,0.000325966
1611,0.000325937
1122,0.000325857
3549,0.000325818
3526,0.00032576
343,0.000325654
2231,0.000325555
1966,0.000325463
2873,0.000325414
1483,0.000325394
3025,0.000325265
137,0.000325223
2317,0.000325115
3460,0.000324973
2203,0.000324935
198,0.000324692
2189,0.000324639
3731,0.000324559
1979,0.000324181
2116,0.0003239
1545,0.000323863
2194,0.000323598
2600,0.000323552
3115,0.000323482
3469,0.000323361
3287,0.000323345
849,0.000323253
4017,0.000323095
2049,0.000323021
3381,0.000323009
2326,0.000322924
3403,0.000322821
1172,0.000322734
1948,0.00032263
1563,0.000322499
1882,0.000322422
2500,0.000322383
1609,0.000322016
94,0.000321943
1820,0.000321906
20,0.000321897
2323,0.000321394
2200,0.000321138
2409,0.000320937
3518,0.000320901
2404,0.000320816
3868,0.000320715
2508,0.000320639
226,0.000320566
3146,0.000320271
2043,0.000320177
2139,0.000320168
1370,0.000320105
242,0.000320086
770,0.000320037
1259,0.000319902
3799,0.000319902
3297,0.000319846
862,0.000319655
461,0.000319439
2787,0.000319417
3651,0.000319297
3714,0.000319291
2140,0.000319237
2796,0.000318714
1735,0.000318649
3884,0.000318441
1895,0.000318301
924,0.000318216
3224,0.000318141
2338,0.000318003
3169,0.000317961
1692,0.000317939
3188,0.00031769
2434,0.000317615
2370,0.000316942
2271,0.000316926
2698,0.000316787
1298,0.000316587
3391,0.000316464
3378,0.000316437
1416,0.000316175
1236,0.000315929
2880,0.000315828
2475,0.000315763
2190,0.000315548
1680,0.000315491
3219,0.000315407
1590,0.00031535
1927,0.000315145
3995,0.000315102
2460,0.00031507
3149,0.000315035
696,0.000314916
2412,0.000314848
3590,0.000314685
3086,0.000314402
2364,0.000314157
3528,0.000314093
3258,0.00031409
903,0.000314016
4038,0.000314006
1555,0.000313836
3284,0.000313309
2594,0.000313144
2278,0.000313051
141,0.000313019
2498,0.000312937
3719,0.000312798
4031,0.000312633
3137,0.000312502
1128,0.000312479
88,0.000312448
2853,0.000312423
2810,0.000312419
2564,0.000312374
439,0.000312359
1273,0.000312252
2371,0.00031221
990,0.00031214
3662,0.000312033
2862,0.000312024
3433,0.000311969
2492,0.000311906
227,0.000311804
3957,0.000311532
308,0.000311386
1113,0.000311386
1540,0.000311345
1866,0.000311331
92,0.000311317
1083,0.000311265
3204,0.000311188
2815,0.000310985
2322,0.000310925
3239,0.000310716
754,0.000310566
1894,0.000310521
797,0.000310479
3293,0.000310477
2640,0.000310465
265,0.000310229
2246,0.000310215
1149,0.000309979
355,0.000309904
2911,0.000309815
452,0.000309785
3986,0.000309412
3508,0.000309401
1971,0.00030937
2001,0.000309273
2950,0.000309099
3870,0.000309014
2394,0.000308771
2069,0.000308761
2689,0.000308666
2597,0.000308555
2033,0.000308455
527,0.000308439
2436,0.00030836
1857,0.00030799
960,0.000307902
1576,0.000307848
583,0.000307708
2919,0.000307667
2275,0.000307645
1530,0.000307381
2354,0.00030737
3718,0.000307117
4027,0.000306721
48,0.000306718
738,0.000306717
2372,0.000306663
2720,0.000306442
840,0.000306433
116,0.000306084
2423,0.000305901
3747,0.000305814
3861,0.000305738
2332,0.000305721
3111,0.000305636
1712,0.00030561
1511,0.000305549
2440,0.000305368
3636,0.000305105
3915,0.000304962
2253,0.00030493
3743,0.00030491
2657,0.000304877
1271,0.000304693
1205,0.000304663
2578,0.00030466
1973,0.00030463
3825,0.000304593
2228,0.000304541
1807,0.000304204
2582,0.000304053
2655,0.00030398
2558,0.000303961
2520,0.000303808
1837,0.000303777
3753,0.000303732
223,0.000303728
1898,0.00030363
1593,0.000303322
2173,0.000303208
1975,0.000303164
1003,0.000303093
2352,0.00030302
3355,0.000302715
3624,0.000302705
531,0.000302682
1685,0.00030266
1616,0.000302443
1004,0.000302429
2988,0.000302424
3299,0.000302301
3702,0.000302266
2411,0.000302266
2154,0.000302179
2841,0.000302114
3272,0.000301931
2665,0.000301845
2488,0.000301789
1029,0.000301713
4014,0.000301699
3791,0.000301623
99,0.000301564
1623,0.000301534
1986,0.000301485
3386,0.000301462
677,0.000301402
3542,0.000301339
3089,0.000300977
2668,0.000300854
1163,0.000300785
3440,0.000300718
1480,0.000300188
2108,0.000300113
2993,0.000300076
2538,0.00030005
3750,0.000300047
2374,0.000300009
1097,0.00029995
180,0.000299899
1733,0.000299891
1637,0.000299799
2875,0.000299731
2458,0.000299673
2551,0.000299558
3021,0.000299336
3098,0.000299195
1378,0.000299193
1118,0.000299188
957,0.000298879
1656,0.000298414
2124,0.000298399
2559,0.000298215
2254,0.00029727
3490,0.000297245
2643,0.000297227
2156,0.000297221
1405,0.000297062
3557,0.00029689
3478,0.000296481
3554,0.000296393
2619,0.000296377
2267,0.000296338
3706,0.000296133
1824,0.000295755
3776,0.00029552
1423,0.000295344
817,0.00029526
555,0.00029457
978,0.000294549
1881,0.000294504
1705,0.000294495
1699,0.000294385
1529,0.000294343
2232,0.000294332
537,0.000294285
1932,0.000294212
2753,0.000294179
1789,0.000294083
2042,0.000294079
3064,0.000294017
1918,0.000293918
2588,0.000293845
847,0.000293522
1148,0.000293519
1339,0.00029344
2107,0.000293323
1452,0.000293321
2112,0.000293283
2074,0.000293093
2040,0.000293066
1426,0.00029305
3555,0.000292958
3298,0.000292601
1100,0.000292569
1009,0.000292287
2932,0.00029227
3674,0.000292231
3108,0.00029216
1284,0.000292134
1216,0.000291847
2148,0.00029172
23,0.000291703
3102,0.000291674
3967,0.000291664
2132,0.000291645
760,0.000291419
1787,0.000291406
2561,0.000291332
2912,0.00029125
1371,0.000291139
3710,0.000291016
2999,0.000290918
1825,0.000290889
1369,0.000290627
1020,0.000290326
3721,0.000290067
4009,0.000290012
3569,0.000289977
2482,0.000289872
2211,0.000289292
128,0.000289074
3931,0.000289059
3981,0.000289008
2644,0.000288985
4019,0.000288661
2084,0.000288573
1010,0.000288566
1136,0.000288466
1534,0.000288333
2121,0.000288299
1099,0.000288287
2128,0.0002882
3187,0.000288017
2734,0.000287591
3693,0.000287393
2996,0.00028736
3774,0.0002873
2549,0.0002873
1929,0.000287279
2638,0.000287243
3206,0.000287154
3927,0.000287147
1643,0.000287116
2026,0.000287112
2257,0.000287089
1302,0.000286995
1166,0.000286993
2949,0.000286826
496,0.000286705
2666,0.000286632
3331,0.000286539
2446,0.000286532
591,0.000286479
1242,0.000286367
4000,0.000286363
4002,0.000286244
2516,0.000286167
2161,0.000286094
3738,0.000286081
80,0.000286035
3898,0.000285822
3073,0.000285821
2728,0.000285769
1413,0.000285619
2533,0.000285546
2648,0.000285317
2134,0.000285316
2654,0.000285009
678,0.000284946
1634,0.000284804
644,0.000284591
523,0.00028456
3346,0.000284382
111,0.000284264
1355,0.00028421
833,0.000284198
3158,0.000284138
2573,0.000283884
1349,0.000283843
2308,0.00028376
2191,0.00028366
1082,0.000283541
680,0.000283524
1716,0.00028332
194,0.000283292
2504,0.000283244
578,0.000283036
2931,0.000282951
2645,0.000282841
3809,0.000282797
1565,0.000282677
632,0.000282519
2537,0.000282377
1396,0.000282328
254,0.000282283
2881,0.000282147
3288,0.000282101
557,0.000282094
2763,0.000281963
901,0.000281872
2512,0.000281763
2994,0.000281752
1307,0.000281684
2472,0.000281581
2335,0.000281573
1980,0.000281565
1156,0.000281401
1432,0.00028138
921,0.000281304
3759,0.000281271
2063,0.000281265
1919,0.000281207
302,0.000281045
2397,0.000281024
3465,0.000280953
3837,0.000280939
3416,0.000280549
1272,0.000280258
2276,0.000280232
2399,0.000280129
1049,0.000280058
3029,0.000279959
3509,0.000279853
1955,0.000279658
1939,0.000279614
3318,0.000279612
2083,0.000279572
545,0.000279422
3118,0.000279304
149,0.000279148
2005,0.000279118
3184,0.000279117
3841,0.000279069
3519,0.000279068
3500,0.000279048
278,0.000279032
2122,0.000279019
3097,0.00027901
1181,0.000278663
3612,0.000278369
2739,0.000278127
2031,0.000278103
2871,0.000277981
2772,0.000277701
734,0.00027768
618,0.000277599
954,0.000277528
1991,0.000277524
319,0.000277524
2061,0.000277511
1702,0.000277456
944,0.000277245
2018,0.000277236
913,0.000277225
1751,0.000277082
3713,0.000276938
839,0.000276646
2020,0.000276565
609,0.000276355
2365,0.000276342
619,0.000276163
3828,0.000275868
1374,0.000275818
1766,0.000275489
2135,0.000275302
1819,0.000275278
3867,0.0002751
1998,0.000274648
181,0.000274319
764,0.000273911
1021,0.000273849
2680,0.000273706
1155,0.000273698
2284,0.000273655
2095,0.00027352
1129,0.000273457
653,0.000273456
1210,0.000273424
1691,0.000273412
2334,0.000273358
1332,0.00027334
1258,0.000273289
388,0.000273261
238,0.00027326
1601,0.000273066
3571,0.000273039
3491,0.000273009
2921,0.000272951
2430,0.000272905
2773,0.000272802
2151,0.000272566
3886,0.000272548
1288,0.000272464
3863,0.00027234
2006,0.000272289
1019,0.000272286
1109,0.000272213
2024,0.000272199
1449,0.000272146
2718,0.000272084
927,0.000271991
284,0.000271956
1037,0.000271879
687,0.000271844
2914,0.000271759
248,0.000271695
643,0.000271519
2359,0.000271518
3648,0.000271512
938,0.000271477
2433,0.000271471
1523,0.000271465
992,0.00027133
997,0.000271277
2670,0.000271135
662,0.000270853
1110,0.000270846
3052,0.000270844
3835,0.000270771
101,0.000270681
3001,0.000270652
3635,0.00027062
1580,0.000270584
127,0.000270525
599,0.000270525
1615,0.000270492
627,0.000270385
1810,0.000270314
1102,0.000270173
3725,0.000270161
1778,0.000270096
2495,0.000269958
3422,0.000269694
2974,0.000269683
532,0.000269621
941,0.000269578
2300,0.00026957
1826,0.00026933
1694,0.000269038
2299,0.000268992
3850,0.000268823
848,0.000268734
822,0.000268643
59,0.00026856
3463,0.000268326
3739,0.000268247
1494,0.000268203
184,0.000268065
776,0.000268005
2212,0.000267888
1260,0.000267877
2589,0.000267874
1026,0.000267845
617,0.000267834
934,0.000267821
266,0.000267809
1940,0.000267807
1165,0.000267339
2348,0.000267281
3510,0.000267165
4026,0.000266685
369,0.000266667
2940,0.00026647
1024,0.000266377
3831,0.000266352
1114,0.000266162
2662,0.00026584
1647,0.000265708
3248,0.000265659
2806,0.000265649
3265,0.000265552
2749,0.000265376
2002,0.000265256
2539,0.000265169
2342,0.000265037
1337,0.000265027
2115,0.000265015
3609,0.00026495
72,0.000264882
1655,0.000264879
3675,0.000264842
2783,0.000264774
3496,0.000264753
1098,0.000264723
2743,0.000264662
1179,0.000264657
1344,0.000264617
2202,0.000264576
1064,0.000264333
1283,0.000264325
3065,0.000264301
1732,0.000264223
2836,0.000264119
297,0.00026408
1740,0.000263894
3679,0.000263759
1333,0.000263569
387,0.000263565
1997,0.000263564
1454,0.00026356
2985,0.000263524
392,0.000263417
948,0.000263407
1075,0.000263282
1388,0.000263183
2315,0.000263031
3634,0.000262947
2273,0.000262926
2897,0.000262919
1910,0.000262906
2386,0.000262896
1051,0.00026278
1018,0.000262736
1803,0.000262617
803,0.000262518
1289,0.000262481
409,0.000262457
2408,0.000262413
547,0.000262383
3079,0.000262316
1970,0.000261824
3891,0.00026169
975,0.00026144
3587,0.000261402
185,0.000261386
3949,0.000261222
1642,0.000261176
2764,0.00026117
2646,0.000261089
1343,0.000261066
2022,0.000260955
2459,0.000260935
14,0.000260863
2091,0.000260639
1632,0.000260491
804,0.000260471
1470,0.000260464
1569,0.000260425
2447,0.000260328
2620,0.000260218
1292,0.000260089
2368,0.000259996
600,0.000259947
1904,0.000259924
3608,0.000259899
3499,0.00025983
2976,0.000259746
1348,0.0002595
727,0.000259473
1435,0.00025936
3275,0.000259341
650,0.000259221
3438,0.000259164
640,0.000258831
2307,0.000258686
793,0.000258675
3803,0.000258664
658,0.0002585
1916,0.00025844
577,0.000258294
1317,0.000258277
434,0.000258022
3,0.000257896
3341,0.000257871
1359,0.000257798
1925,0.000257663
1720,0.000257517
394,0.000257418
1215,0.000257399
2086,0.000257338
89,0.000257295
1659,0.000256976
1448,0.000256917
876,0.000256874
1798,0.00025668
1639,0.000256647
1935,0.000256555
2715,0.000256508
2004,0.000256491
3081,0.000256457
3969,0.000256457
2675,0.000256426
3511,0.000256419
1758,0.000256328
1880,0.000256175
2521,0.000256168
625,0.000255921
3534,0.000255916
1408,0.000255761
3220,0.000255744
3142,0.000255643
1795,0.00025563
897,0.00025562
3264,0.000255446
2420,0.000255324
204,0.000255146
3479,0.000255021
616,0.000254896
3018,0.0002548
2264,0.000254703
396,0.000254691
2378,0.000254687
1673,0.000254622
731,0.000254578
148,0.000254484
1226,0.00025443
3761,0.000254138
1380,0.00025407
3642,0.000254042
1303,0.000253834
2467,0.000253663
1229,0.000253611
1878,0.000253594
68,0.000253512
299,0.000253321
814,0.000253317
3395,0.000253075
3862,0.000253075
1290,0.000253028
2056,0.000253021
2610,0.000252803
1806,0.000252799
2741,0.000252639
1036,0.000252598
2035,0.000252581
3296,0.000252504
420,0.000252502
1312,0.000252486
1614,0.000252217
3384,0.0002522
1605,0.000252122
908,0.00025203
62,0.000251945
7,0.000251932
2046,0.000251873
3114,0.000251745
1539,0.000251742
1587,0.000251728
3757,0.000251156
2226,0.000251046
259,0.00025102
232,0.000250961
2751,0.000250867
2304,0.00025066
3085,0.000250606
712,0.00025059
3943,0.000250453
1189,0.000250411
482,0.000250355
3947,0.00025033
1,0.000250271
968,0.000250262
2958,0.000250216
303,0.000250099
2623,0.000250043
2546,0.000250038
218,0.000250029
1375,0.000249948
2469,0.000249943
2647,0.000249893
3446,0.000249631
2556,0.000249553
3909,0.000249449
3191,0.000249386
2343,0.000249273
2259,0.000249236
1862,0.000249025
3573,0.000248985
4,0.000248946
3768,0.000248932
1911,0.000248759
2062,0.000248684
1765,0.000248463
1217,0.000248412
2417,0.0002484
230,0.000248342
615,0.000248222
2575,0.000248037
2144,0.000248023
2711,0.000247969
3615,0.000247928
636,0.000247866
3695,0.000247732
681,0.000247708
3708,0.000247432
982,0.000247424
1889,0.000247336
1144,0.000247324
661,0.000247319
771,0.00024727
310,0.000247203
3480,0.000247126
659,0.000246943
479,0.000246848
729,0.000246786
3004,0.000246774
3866,0.00024676
570,0.000246737
3010,0.000246592
2628,0.000246467
354,0.000246398
963,0.000246261
3034,0.000246214
2261,0.000246155
2770,0.000246
2484,0.000245986
1379,0.000245815
2478,0.00024563
2978,0.000245346
1538,0.000245237
161,0.000245193
1737,0.000245163
133,0.000245076
1327,0.000245074
3435,0.000245049
1923,0.000244876
3364,0.000244794
769,0.000244728
2896,0.000244586
2540,0.000244581
1402,0.000244195
3475,0.000244161
3667,0.000243998
3920,0.000243912
4013,0.000243626
1872,0.000243546
469,0.000243399
2945,0.00024333
2101,0.000243265
367,0.000243044
2146,0.000242914
2098,0.000242892
604,0.00024289
1225,0.000242806
546,0.000242801
3423,0.000242787
1257,0.000242723
1812,0.000242722
3881,0.000242704
2216,0.000242704
3564,0.000242566
952,0.000242531
2765,0.000242349
2109,0.000242318
3656,0.000242174
3176,0.000242168
2010,0.000242085
1841,0.000242031
2235,0.000242016
635,0.000241844
3752,0.000241788
589,0.000241783
1123,0.000241762
4020,0.000241737
281,0.000241684
1753,0.000241651
915,0.000241635
3638,0.0002416
2501,0.000241501
3701,0.000241296
995,0.000241269
3100,0.000241194
720,0.000241102
2485,0.000241091
1323,0.000240961
1897,0.000240924
981,0.000240727
3314,0.000240725
57,0.000240632
487,0.000240583
1421,0.000240552
3956,0.000240459
792,0.000240337
3273,0.000240333
3046,0.0002403
3459,0.000240256
2959,0.000240251
2474,0.000240215
2506,0.000240203
1744,0.000240179
3105,0.000240134
1198,0.000239714
2160,0.000239693
1446,0.000239558
1135,0.000239012
2583,0.000238928
2023,0.000238839
2396,0.000238735
2159,0.000238542
3040,0.00023854
1528,0.000238516
1785,0.000238507
187,0.000238442
1171,0.000238339
3616,0.000238171
1644,0.000238096
863,0.00023795
3255,0.000237828
1279,0.000237703
231,0.00023757
1232,0.000237508
3786,0.00023742
597,0.000237407
3279,0.000237314
1677,0.000237161
2438,0.000237012
838,0.000237003
1425,0.000236895
3645,0.000236871
1653,0.000236829
2703,0.000236738
1953,0.000236719
2445,0.000236693
2717,0.000236693
123,0.000236457
1108,0.000236334
31,0.000236308
3474,0.000236275
3036,0.000236273
2829,0.000236245
3779,0.0002361
2345,0.000236088
2192,0.000236075
350,0.000236019
516,0.000235925
758,0.000235904
1533,0.000235887
2972,0.000235866
675,0.000235865
2813,0.000235763
3231,0.000235506
1909,0.000235283
3443,0.000235278
361,0.000235272
2892,0.000235257
1410,0.000235156
1280,0.000235146
1415,0.000235055
670,0.000235055
1404,0.000235051
3066,0.000234921
1299,0.00023489
2329,0.000234739
3896,0.00023462
3989,0.000234517
889,0.000234493
3670,0.00023437
2145,0.000234306
510,0.000234233
1652,0.000234181
2237,0.000234093
1624,0.000233987
2341,0.000233987
3472,0.000233946
732,0.000233822
1428,0.000233656
1790,0.00023359
3251,0.000233533
1782,0.000233352
3527,0.000233278
3720,0.00023327
3657,0.000233199
3285,0.000233194
1011,0.000233135
1160,0.000233067
3559,0.000233038
977,0.000232987
2861,0.000232972
2887,0.000232805
488,0.000232751
1468,0.000232646
3047,0.000232587
3493,0.000232545
3730,0.000232353
2603,0.000232323
669,0.000232285
999,0.000232268
3567,0.000232145
3698,0.000231903
158,0.000231898
3562,0.000231842
984,0.000231749
2631,0.000231679
1137,0.000231629
3975,0.000231623
683,0.000231583
2627,0.000231553
806,0.000231497
783,0.000231469
2077,0.000231403
906,0.000231355
1914,0.000231253
936,0.000231098
3950,0.000231065
2840,0.000231052
1313,0.000230919
1209,0.000230809
711,0.000230689
789,0.000230373
3476,0.000230323
3053,0.000230302
430,0.000230223
1859,0.000230217
2768,0.000230167
481,0.000229775
548,0.000229727
2225,0.000229706
2712,0.00022965
1074,0.00022963
736,0.000229553
2587,0.000229337
2165,0.000229258
3802,0.000229082
1891,0.000229075
1686,0.000229071
368,0.000229058
2929,0.000228944
2889,0.000228704
3655,0.000228536
519,0.000228527
1796,0.000228491
2756,0.000228356
1047,0.000228176
1120,0.000228115
701,0.000227923
1188,0.000227903
2713,0.000227811
1671,0.000227656
902,0.000227574
2579,0.000227543
2879,0.000227518
2844,0.00022742
1568,0.000227322
1170,0.000227296
3550,0.000227237
755,0.000227045
17,0.000226965
3257,0.000226732
173,0.000226319
1507,0.00022628
511,0.000226247
3643,0.000226109
1767,0.000225955
3960,0.000225845
415,0.000225701
3212,0.000225648
3872,0.000225625
1921,0.000225599
134,0.000225462
835,0.000225059
3852,0.000225006
512,0.000224989
2577,0.000224967
3823,0.000224938
399,0.000224784
177,0.000224722
2633,0.000224619
78,0.000224599
3458,0.000224599
1183,0.000224516
3932,0.000224475
857,0.0002244
275,0.000224243
714,0.000224144
471,0.000224002
1429,0.000223746
3259,0.000223737
1060,0.000223546
2060,0.00022344
2497,0.000223392
3532,0.000223318
595,0.00022307
932,0.000223025
1957,0.000222903
3382,0.000222488
2009,0.00022237
2874,0.0002222
3301,0.00022218
741,0.00022182
1131,0.000221308
3016,0.000221203
3014,0.000221199
3789,0.000220902
1493,0.000220745
898,0.000220523
1811,0.000220465
1763,0.000220464
91,0.000220444
2418,0.000220353
3325,0.00022032
3685,0.000220299
1182,0.000220268
1863,0.000220267
2970,0.000220137
2570,0.000220114
1296,0.000220098
3591,0.000219986
809,0.000219984
2823,0.000219973
1319,0.000219964
2690,0.000219843
3420,0.000219837
196,0.000219653
3819,0.000219582
964,0.000219554
666,0.000219449
1976,0.000219362
3883,0.000218936
3203,0.000218869
1357,0.000218835
3623,0.000218796
3400,0.000218641
3707,0.000218579
874,0.00021854
684,0.000218527
551,0.000218476
3578,0.000218371
2401,0.000218204
1541,0.00021817
1207,0.000218121
458,0.000217902
3917,0.000217761
539,0.000217733
3912,0.000217582
1315,0.000217328
2775,0.000216976
818,0.000216915
3595,0.000216856
518,0.000216823
331,0.000216722
1722,0.000216525
3483,0.000216494
445,0.000216465
4016,0.000216297
4025,0.000216297
1936,0.000216226
357,0.000216203
3892,0.000215951
3481,0.000215927
1437,0.000215877
1328,0.000215861
3649,0.00021574
1142,0.000215713
2552,0.000215669
1450,0.000215583
3023,0.000215571
3726,0.000215532
1040,0.000215455
1772,0.000215437
3535,0.000215379
748,0.000215325
1318,0.000214997
359,0.00021496
3523,0.000214911
3760,0.000214833
2653,0.00021476
132,0.000214681
2660,0.000214485
2832,0.000214388
3160,0.000214371
3903,0.000214257
3613,0.000214223
2486,0.000214142
3471,0.000214139
1695,0.000214119
1681,0.000213929
3141,0.000213823
2306,0.000213691
685,0.000213623
560,0.000213604
554,0.000213579
2170,0.000213558
3646,0.00021349
1595,0.000213487
2462,0.000213151
3594,0.000213074
1571,0.000213037
2367,0.000212952
345,0.000212911
2337,0.000212911
3783,0.000212896
2650,0.000212834
2097,0.000212799
1848,0.000212783
167,0.000212637
2563,0.000212536
2532,0.000212447
3178,0.000212396
2708,0.000212391
3223,0.000212368
1629,0.000212296
501,0.000212264
2489,0.000212208
665,0.000212176
2210,0.000211969
3993,0.000211951
3181,0.000211918
1436,0.000211727
1393,0.000211674
3618,0.000211674
870,0.00021162
3228,0.000211479
3792,0.000211379
3979,0.000211365
2499,0.000211209
3225,0.000211196
2762,0.000211192
3124,0.000211136
742,0.000211085
1246,0.000211045
1500,0.000211043
647,0.000211015
881,0.000210928
3536,0.000210866
330,0.000210794
3773,0.00021078
879,0.000210774
709,0.000210612
2286,0.000210425
753,0.000210337
3497,0.000210301
1433,0.000210265
39,0.000210166
2585,0.000210145
1281,0.000210111
2639,0.000210064
3415,0.000210052
2835,0.000210025
2120,0.00020996
3683,0.000209923
3221,0.000209895
3601,0.000209887
1106,0.000209658
1340,0.000209649
251,0.000209527
1626,0.000209525
3316,0.000209514
3847,0.00020948
2795,0.00020947
1324,0.000209214
3524,0.000209078
2686,0.000208979
2242,0.000208786
212,0.000208736
1212,0.000208709
2807,0.000208606
1727,0.000208495
2297,0.000208291
3735,0.000208175
3498,0.000208115
3062,0.000208021
1012,0.000207926
807,0.000207867
3539,0.000207689
795,0.00020768
3283,0.000207441
3547,0.000207399
1245,0.000207344
1444,0.000207328
1382,0.000207287
1588,0.000206746
1535,0.000206643
2663,0.000206518
3775,0.000206508
1513,0.000206474
1968,0.000206444
601,0.000206229
614,0.000206224
462,0.000206223
1858,0.000206181
798,0.000206085
1543,0.000205806
3313,0.000205791
2658,0.00020565
1001,0.000205635
29,0.000205432
1130,0.000205364
2318,0.000205337
2385,0.000205333
197,0.000205131
3139,0.000205093
962,0.000205089
3988,0.000205028
3778,0.000205001
2843,0.000204996
1726,0.000204986
983,0.000204962
1649,0.000204834
489,0.000204763
1309,0.000204715
2803,0.000204704
2681,0.000204524
1931,0.000204461
1877,0.000204414
130,0.000204256
437,0.00020423
2157,0.000204203
263,0.00020415
1724,0.000204115
845,0.000204027
398,0.000203976
988,0.000203707
2574,0.000203635
603,0.000203633
1676,0.000203544
1274,0.000203483
1606,0.000203442
225,0.000203405
1351,0.000203361
3200,0.000203308
3218,0.000203249
1514,0.000202959
2429,0.000202955
605,0.00020291
1028,0.000202878
543,0.000202767
1056,0.000202748
3473,0.000202696
2962,0.000202637
3581,0.00020243
3337,0.000202422
1994,0.000202318
1453,0.00020205
1139,0.000202032
2819,0.000201982
2477,0.000201926
2346,0.000201869
2672,0.000201862
1287,0.000201845
131,0.000201829
1851,0.000201792
3080,0.000201745
1706,0.00020174
3541,0.000201704
421,0.000201599
2164,0.000201432
1512,0.000200907
3186,0.00020072
1419,0.000200327
328,0.000200256
3888,0.000200213
2636,0.000200206
2924,0.000200074
55,0.000200067
274,0.00020005
2473,0.00020003
1043,0.000199997
598,0.000199949
3129,0.000199891
994,0.000199823
2085,0.000199768
3180,0.000199753
2930,0.000199753
2494,0.000199474
135,0.000199458
393,0.000199434
564,0.000199434
3234,0.000199388
2027,0.000199359
2301,0.000199316
3857,0.000199291
273,0.000199188
582,0.000199083
779,0.000198987
1553,0.000198978
424,0.000198972
584,0.000198814
1228,0.000198737
451,0.000198675
2213,0.000198585
871,0.000198583
2982,0.000198539
3278,0.000198527
1177,0.000198487
1062,0.000198396
3579,0.000198387
2011,0.000198386
140,0.000198333
1310,0.000198312
1306,0.000197971
3377,0.000197878
3309,0.000197718
3972,0.000197682
2421,0.000197669
3213,0.000197616
1990,0.0001976
3895,0.000197468
2886,0.000197429
2693,0.000197285
2618,0.000197269
2285,0.000197227
746,0.000197071
2812,0.000197005
473,0.000196906
3658,0.000196897
1300,0.000196799
3304,0.000196712
2089,0.000196577
3855,0.000196552
2243,0.000196413
2854,0.0001964
162,0.000196229
1648,0.00019622
403,0.000196019
4003,0.000195886
1127,0.00019587
3976,0.000195693
24,0.000195675
3696,0.000195437
2977,0.00019489
1682,0.000194863
494,0.000194682
2207,0.000194513
558,0.000194255
2554,0.000194153
1779,0.000193956
3964,0.000193931
861,0.000193844
1638,0.000193546
1738,0.000193466
276,0.000193462
1356,0.000193437
3055,0.000193351
486,0.000193339
1815,0.000193307
3303,0.000193193
1582,0.000193186
1873,0.000193165
3644,0.000193058
3741,0.000192997
1847,0.00019294
2626,0.000192818
3008,0.000192788
2673,0.000192758
3923,0.000192487
1457,0.000192381
2366,0.000192283
1190,0.000192169
888,0.00019211
1121,0.000192073
1497,0.000191978
620,0.000191976
2280,0.000191919
258,0.000191824
1138,0.000191809
3762,0.000191762
3697,0.000191744
1672,0.000191496
3894,0.000191362
1314,0.00019127
474,0.000191242
1903,0.000191234
2934,0.000191078
105,0.000191056
2699,0.00019105
3913,0.000191027
3238,0.000191005
2215,0.000190984
730,0.000190889
706,0.000190474
1550,0.00019044
1650,0.000190329
971,0.000190215
2858,0.000190212
2076,0.000190192
2591,0.000190147
1406,0.000190052
2406,0.000190039
1072,0.000190018
30,0.000190016
3563,0.000189892
3379,0.000189678
1667,0.000189638
1531,0.000189609
3517,0.000189606
3135,0.000189258
2637,0.000189145
3763,0.000189129
3627,0.000189047
4018,0.000188925
645,0.000188892
1392,0.000188832
2845,0.000188784
3103,0.000188759
3814,0.000188745
3454,0.000188503
2784,0.000188487
1743,0.000188416
622,0.000188378
1174,0.000188307
2330,0.000188248
2455,0.000188052
1508,0.000188009
3556,0.000188
1112,0.000187981
2984,0.000187917
108,0.00018784
66,0.000187809
3592,0.00018778
3250,0.000187684
2830,0.00018765
2248,0.00018759
2789,0.000187372
2209,0.000187216
441,0.000186921
2938,0.000186896
257,0.000186879
2179,0.00018683
3919,0.000186508
1219,0.000186412
100,0.000186321
939,0.000186211
3639,0.000186136
3260,0.000186123
2416,0.00018606
3032,0.000185946
3723,0.000185829
1999,0.000185827
2390,0.000185762
2933,0.000185731
1958,0.000185641
219,0.000185537
3171,0.000185528
45,0.00018547
147,0.000185393
1781,0.000185212
2902,0.000185208
2296,0.000185208
777,0.000185182
3602,0.000185151
8,0.000185106
3874,0.000184979
1141,0.000184806
1698,0.000184705
2075,0.00018457
2745,0.00018455
3580,0.000184544
1000,0.000184419
1054,0.00018441
3585,0.000184293
3166,0.000183893
2260,0.00018389
1035,0.000183816
3630,0.000183627
3531,0.000183559
290,0.000183547
872,0.000183409
121,0.000183384
2535,0.000183275
2197,0.000183248
2349,0.000183192
866,0.000183106
1201,0.00018305
3328,0.000182953
3727,0.000182915
3716,0.00018282
3533,0.000182787
1906,0.000182759
3485,0.000182659
1981,0.00018264
1451,0.000182499
1311,0.000182443
762,0.000182425
2534,0.000182409
3703,0.000182331
1719,0.000182133
2684,0.000182081
1167,0.000182008
309,0.000181797
1503,0.000181792
969,0.000181786
2547,0.00018178
2198,0.000181682
1754,0.000181622
243,0.000181427
1321,0.000181244
1464,0.000181219
1440,0.000181192
1747,0.000181149
2907,0.000180877
772,0.000180845
2850,0.000180761
3380,0.000180716
6,0.000180704
2407,0.000180664
3211,0.000180536
3354,0.000180514
1734,0.000180494
3222,0.000180435
2110,0.00018032
958,0.000180254
1485,0.00018018
1195,0.000180118
2155,0.00018002
84,0.000179944
3815,0.000179855
2391,0.000179832
2652,0.000179761
3785,0.000179738
565,0.000179641
1499,0.000179518
611,0.000179439
1285,0.000179346
2465,0.00017924
1564,0.000179156
3075,0.000179097
2677,0.000179031
3012,0.000178941
1115,0.000178885
1890,0.000178881
2,0.000178804
2513,0.000178722
1441,0.000178693
1801,0.000178659
2868,0.000178613
1316,0.000178588
955,0.00017846
2222,0.000178381
765,0.000178375
778,0.000178351
3148,0.00017834
495,0.000178285
28,0.000178215
508,0.000178174
1660,0.000178104
418,0.000178088
682,0.000178039
3028,0.000177922
1187,0.000177836
2700,0.000177703
2181,0.000177561
333,0.000177513
505,0.000177201
1350,0.000177135
949,0.000177125
3462,0.000177118
3566,0.000177052
1561,0.000176986
2119,0.000176901
3138,0.000176881
628,0.000176721
702,0.000176616
192,0.000176604
3513,0.000176602
306,0.000176575
2614,0.00017641
3311,0.000176325
576,0.000176195
2392,0.000176114
195,0.000175901
1537,0.000175858
1944,0.000175853
3193,0.00017584
799,0.000175839
850,0.000175816
1674,0.000175803
1424,0.0001757
816,0.00017568
2490,0.000175638
314,0.000175494
1202,0.00017545
1585,0.000175349
782,0.00017526
2214,0.000175222
2003,0.000175074
476,0.000174974
3620,0.000174854
1111,0.000174759
85,0.000174677
3061,0.000174602
2025,0.000174548
93,0.000174418
3484,0.000174254
2983,0.00017408
2082,0.00017407
919,0.000174017
3610,0.000173879
1325,0.000173832
2759,0.000173823
1728,0.000173813
2701,0.000173739
176,0.00017368
150,0.000173616
3057,0.0001736
2000,0.00017359
3929,0.000173301
1247,0.000173294
689,0.000173291
1988,0.000173284
2702,0.000173247
2609,0.000173236
2851,0.000173204
3173,0.00017304
878,0.000172997
3751,0.00017298
2353,0.000172951
2314,0.000172949
1907,0.000172939
3307,0.000172814
991,0.000172779
768,0.000172776
737,0.00017269
989,0.000172661
2425,0.000172569
882,0.000172423
2964,0.000172338
1460,0.000172272
3095,0.000172244
87,0.000172215
2732,0.000172205
3470,0.000172147
1015,0.000172117
3276,0.000172082
364,0.000172043
3431,0.000171845
416,0.000171792
722,0.000171783
3262,0.000171694
2953,0.000171618
3069,0.00017157
2034,0.000171471
341,0.000171255
1989,0.000171186
2682,0.000171086
3402,0.000171063
1033,0.000171042
156,0.000170932
1578,0.000170839
693,0.000170816
3516,0.000170759
1412,0.000170758
2137,0.000170596
970,0.000170529
1963,0.000170346
2846,0.000170315
2667,0.000170153
2779,0.000170152
3963,0.000170144
3654,0.000170086
2818,0.000170009
298,0.000169981
1635,0.000169894
3123,0.000169893
1788,0.000169794
3583,0.000169669
623,0.00016952
2848,0.000169475
1095,0.00016945
3715,0.000169313
2221,0.000169278
1336,0.000169191
2058,0.000169081
3300,0.000168836
1542,0.000168824
3663,0.000168695
2152,0.000168676
237,0.000168634
3236,0.000168613
1293,0.000168556
2797,0.000168542
837,0.000168513
1218,0.000168512
3237,0.00016839
3452,0.000168353
1832,0.000168339
1818,0.000168199
1213,0.000168155
509,0.000167946
2557,0.000167904
1438,0.000167716
2809,0.000167645
626,0.000167634
2870,0.000167548
457,0.000167393
590,0.000167364
2935,0.000167306
5,0.000167288
3041,0.000167214
2293,0.000167162
763,0.000166984
959,0.000166983
3990,0.000166981
4007,0.000166981
1808,0.000166961
2525,0.0001669
1081,0.000166872
1633,0.000166788
631,0.000166694
3961,0.000166648
3241,0.000166394
2735,0.000166317
50,0.000166296
3439,0.000166127
2981,0.000166117
1978,0.000166094
3215,0.00016584
2918,0.000165832
3845,0.000165788
2825,0.000165655
633,0.000165653
2389,0.000165632
139,0.000165562
831,0.000165514
2450,0.000165508
3007,0.000165348
3013,0.000165249
2217,0.000165239
2733,0.000165074
75,0.00016506
64,0.000164997
2737,0.000164852
1092,0.000164835
3048,0.000164811
3209,0.000164757
352,0.000164748
1850,0.00016473
2622,0.000164677
3392,0.000164529
2817,0.000164522
3147,0.000164522
1223,0.000164449
3329,0.000164391
3647,0.00016431
2997,0.000164116
36,0.000163976
3083,0.000163845
1180,0.000163722
1363,0.000163708
3622,0.000163699
3904,0.000163621
1764,0.000163535
1368,0.000163398
3664,0.00016335
3817,0.00016333
843,0.000163246
885,0.000163186
3502,0.000162804
3450,0.0001628
2238,0.000162742
3155,0.000162741
1773,0.000162606
844,0.000162591
2731,0.000162545
1572,0.000162528
3512,0.000162498
3394,0.000162436
3306,0.00016241
1566,0.000162333
2606,0.000162258
2055,0.000162149
3246,0.000162133
498,0.000162119
3574,0.000162079
3189,0.000161909
246,0.000161579
3390,0.000161573
3840,0.000161496
3242,0.00016149
217,0.000161468
757,0.000161457
2518,0.000161346
1870,0.000161278
3996,0.000161237
676,0.000161113
909,0.000161092
3399,0.000161092
1519,0.000161009
3356,0.000160925
1992,0.000160788
2581,0.000160765
1625,0.000160756
3482,0.00016058
1308,0.000160524
2029,0.000160478
2094,0.000160251
3641,0.00016018
2415,0.000160064
3319,0.000159955
3548,0.000159869
3243,0.000159635
2705,0.000159487
2987,0.000159205
2281,0.000159193
2057,0.000159083
3522,0.000159081
450,0.000158913
1774,0.000158902
965,0.00015887
1822,0.000158657
178,0.000158606
2443,0.000158571
1044,0.000158309
664,0.000158308
1704,0.000158169
2656,0.000158089
2426,0.00015805
2239,0.000158028
2696,0.000157984
2405,0.000157914
2837,0.000157865
2979,0.000157865
2529,0.000157812
3745,0.000157695
1045,0.000157659
3144,0.000157659
2379,0.000157441
886,0.000157403
2287,0.000157397
1896,0.000157352
1885,0.000157312
3359,0.000157146
2114,0.00015702
1846,0.000156968
446,0.00015691
3410,0.000156868
1478,0.000156758
165,0.00015667
3777,0.000156634
2050,0.000156615
159,0.00015647
1025,0.000156429
2402,0.000156403
3122,0.000156397
16,0.000156373
2487,0.000156343
3128,0.000156266
2449,0.000156204
3068,0.000156165
536,0.000156074
3245,0.000155982
2503,0.000155927
3039,0.000155809
1197,0.000155787
2141,0.000155713
1723,0.000155666
1526,0.000155659
979,0.000155478
3682,0.000155411
933,0.000155379
22,0.000155335
2697,0.000155214
3294,0.000155055
1784,0.000155019
1068,0.000154779
3131,0.000154639
413,0.000154621
1869,0.000154616
2502,0.000154593
103,0.000154412
890,0.000154145
2136,0.000154113
1186,0.000153985
490,0.000153914
3503,0.000153912
1860,0.00015375
1418,0.000153741
2523,0.000153569
174,0.000153514
867,0.00015351
864,0.000153507
1739,0.00015346
716,0.000153405
887,0.000153321
976,0.000153313
869,0.000153295
1679,0.000153292
707,0.000153054
3614,0.000153048
1928,0.000153035
723,0.000152988
2480,0.00015282
1389,0.000152769
2274,0.000152553
2403,0.000152373
1178,0.000152345
1161,0.000152232
2444,0.000152095
951,0.000152094
3042,0.000152
86,0.000151792
725,0.000151725
102,0.00015148
3427,0.000151475
32,0.000151364
2435,0.000151346
58,0.000151321
794,0.000151233
351,0.000151044
858,0.000151015
3289,0.000150963
2744,0.000150918
2562,0.000150904
3621,0.000150762
3343,0.000150748
1088,0.000150715
740,0.000150713
568,0.000150567
168,0.000150506
895,0.000150496
2820,0.000150496
193,0.000150466
3507,0.000150439
3848,0.000150438
2479,0.00015043
3336,0.000150357
425,0.000150314
2831,0.000150254
3818,0.000150227
973,0.000150174
894,0.000150152
1843,0.00015014
3210,0.000149914
2926,0.000149812
873,0.000149799
1922,0.000149794
3194,0.000149711
110,0.000149675
1524,0.000149481
3908,0.000149369
3812,0.000149227
1169,0.000149224
1641,0.000149214
1381,0.000149134
2883,0.000149007
3769,0.000148989
3754,0.000148932
3871,0.00014886
3766,0.000148756
3050,0.000148747
594,0.000148738
3944,0.000148674
2726,0.000148624
1294,0.000148588
1134,0.000148586
836,0.00014853
3551,0.000148439
1489,0.00014842
2761,0.000148318
3244,0.000148309
3205,0.000148283
3598,0.000148282
2566,0.000148222
2536,0.000148113
307,0.000148106
1458,0.000148059
3887,0.000148041
813,0.000147938
931,0.000147841
2362,0.000147825
3421,0.000147825
1532,0.000147796
1030,0.000147671
3770,0.000147658
1852,0.000147646
2272,0.000147585
318,0.000147547
3110,0.000147543
3312,0.000147511
1193,0.00014751
106,0.000147455
1400,0.000147415
2036,0.000147389
3991,0.000147222
3736,0.000147034
3844,0.000147027
3544,0.00014693
126,0.000146891
3192,0.00014685
3784,0.000146659
3515,0.000146636
922,0.000146624
1090,0.000146479
2320,0.000146478
1016,0.000146471
96,0.000146319
3806,0.000146304
362,0.000146214
3958,0.000146111
2822,0.000145827
3669,0.000145789
3700,0.000145789
691,0.000145739
1005,0.000145723
3864,0.000145675
3009,0.000145565
3383,0.000145546
2263,0.000145454
3170,0.000145429
3393,0.000145411
1956,0.000145295
1749,0.000145178
575,0.000145139
69,0.000144772
1518,0.000144714
1875,0.000144704
3876,0.000144694
3489,0.000144684
3373,0.000144587
347,0.000144491
3126,0.000144481
2456,0.000144444
1658,0.000144308
3671,0.000144232
3286,0.000144218
961,0.000144186
2051,0.000144046
2017,0.000143992
73,0.000143985
2995,0.000143971
3668,0.000143965
1365,0.000143863
3374,0.000143859
3093,0.000143851
1042,0.000143722
410,0.0001437
3992,0.000143684
3043,0.000143648
3787,0.000143507
791,0.0001435
3167,0.000143492
2968,0.000143441
1268,0.000143227
260,0.000143139
3199,0.00014307
3905,0.000142965
3849,0.000142945
3444,0.000142945
1965,0.000142833
1517,0.000142658
2092,0.000142572
1883,0.000142542
2687,0.000142495
129,0.000142471
3109,0.000142464
1544,0.000142451
2571,0.00014233
4033,0.000142314
639,0.000142153
796,0.000141844
1884,0.000141817
588,0.000141708
1234,0.000141661
3889,0.000141597
2834,0.000141564
1241,0.000141526
612,0.000141501
3409,0.00014146
1286,0.000141441
1384,0.000141344
634,0.000141316
825,0.000141278
453,0.000141211
2688,0.000141189
151,0.000141052
426,0.000141001
3404,0.000140987
1398,0.000140841
3405,0.00014084
407,0.000140727
2113,0.000140725
1278,0.000140701
2357,0.000140635
826,0.000140617
1780,0.000140608
372,0.000140582
3749,0.000140483
152,0.000140319
2193,0.000140207
2387,0.000140144
528,0.000139858
386,0.000139815
3487,0.00013975
3985,0.000139497
3024,0.000139279
2707,0.00013926
1407,0.0001391
1678,0.000138995
145,0.000138944
81,0.000138944
233,0.000138944
2162,0.000138841
1575,0.000138597
940,0.000138559
2747,0.000138553
2908,0.00013854
3606,0.000138402
569,0.000138233
2105,0.000138207
3631,0.000138088
2360,0.000137966
521,0.00013796
751,0.000137952
44,0.00013786
2016,0.000137798
574,0.000137712
1930,0.000137587
2771,0.000137477
2965,0.000137422
4037,0.000137324
1240,0.000137267
2355,0.000137225
1592,0.00013713
3652,0.000137123
1251,0.000137101
2548,0.000137062
3665,0.000137057
1492,0.000137022
3414,0.000136989
3441,0.000136911
3780,0.000136833
3832,0.00013681
3916,0.000136791
715,0.000136623
1481,0.000136603
3249,0.0001366
3063,0.000136469
60,0.000136464
880,0.000136335
3156,0.000136328
1901,0.000136204
884,0.000136091
1987,0.000135975
77,0.00013593
2856,0.000135928
3878,0.000135769
3338,0.000135747
3530,0.000135736
381,0.000135688
1387,0.000135138
433,0.000135097
2710,0.000135076
2888,0.000135023
1089,0.000134779
3827,0.00013467
10,0.000134651
65,0.000134427
2453,0.000134402
2923,0.000134315
3445,0.000133774
1254,0.000133732
477,0.000133711
38,0.000133533
1061,0.000133498
943,0.000133423
301,0.000133358
1244,0.000133294
3376,0.0001332
2799,0.000133125
49,0.000133091
3163,0.000132876
3899,0.000132821
3520,0.000132639
3846,0.00013262
3937,0.000132537
3430,0.00013248
3504,0.000132391
3561,0.000132279
3796,0.000132159
375,0.000132148
1094,0.000132136
3843,0.000132119
2957,0.000131946
3742,0.000131847
2769,0.000131597
3371,0.000131584
311,0.000131537
914,0.0001314
733,0.000131378
786,0.000130956
3058,0.000130887
472,0.000130858
253,0.000130822
3190,0.000130808
1562,0.00013075
912,0.000130524
2917,0.000130504
2805,0.000130496
95,0.000130442
1829,0.000130374
3999,0.000130345
4036,0.000130345
3127,0.000130089
3074,0.000130089
1265,0.000130031
1594,0.000130013
2776,0.000129958
1934,0.000129828
2760,0.000129818
3130,0.000129745
2678,0.000129717
1982,0.000129566
1249,0.000129526
2147,0.000129116
296,0.000129084
1892,0.000128941
1756,0.000128929
464,0.00012887
2163,0.000128849
3666,0.000128803
690,0.00012877
1105,0.000128757
2291,0.000128575
1748,0.000128554
3681,0.000128477
3229,0.000128459
2277,0.00012843
1087,0.000128413
1696,0.000128346
3208,0.000128298
893,0.000128218
46,0.000128187
117,0.000128112
1817,0.000128026
2859,0.000128012
3401,0.000127805
572,0.000127719
3368,0.000127707
535,0.000127673
2519,0.000127589
79,0.000127522
189,0.000127508
2612,0.000127417
2791,0.000127413
2158,0.000127311
163,0.000127189
1434,0.000127126
2531,0.000127076
1164,0.000126882
2424,0.000126866
1745,0.000126759
3607,0.000126726
2847,0.000126685
2685,0.000126635
3626,0.000126544
2967,0.000126429
3941,0.00012627
3954,0.000126228
3911,0.000125831
1077,0.000125599
905,0.000125571
124,0.000125417
166,0.000125343
3632,0.000125283
3813,0.000125061
1073,0.000125035
2373,0.000125014
440,0.000124994
3216,0.000124741
1805,0.000124656
3914,0.000124493
1150,0.000124402
1013,0.000124361
146,0.000124113
1961,0.00012409
1830,0.000124015
2641,0.000123968
2067,0.000123939
2439,0.000123775
2544,0.000123765
3407,0.000123585
1915,0.000123493
522,0.000123281
2099,0.000123165
2632,0.00012305
3045,0.000123032
529,0.000123012
382,0.000122906
222,0.000122876
2316,0.000122843
1116,0.000122734
2515,0.000122649
3292,0.000122531
2466,0.000122447
3492,0.00012233
3788,0.000122322
3572,0.000122307
3659,0.000122267
3543,0.000122165
928,0.000122044
3880,0.000122029
1501,0.000121911
3340,0.000121879
466,0.000121853
2774,0.000121637
317,0.000121594
1266,0.000121588
3772,0.000121523
470,0.000121513
442,0.000121377
2891,0.00012132
2948,0.00012131
1055,0.000121303
2961,0.00012125
1840,0.000121228
3767,0.000121208
380,0.000121075
3952,0.000120969
534,0.000120953
2954,0.000120802
900,0.000120612
1618,0.000120544
3281,0.000120501
3357,0.000120446
2821,0.000120329
3939,0.000120306
4028,0.0001203
646,0.000120256
1385,0.000119849
221,0.000119779
2245,0.000119683
1905,0.000119495
802,0.000119253
3447,0.000119219
3653,0.000119218
3067,0.000119011
812,0.00011896
2041,0.000118958
264,0.000118913
1154,0.000118855
2258,0.000118812
710,0.000118802
1708,0.000118639
344,0.000118467
3352,0.000118068
245,0.000117969
201,0.000117969
986,0.000117836
2476,0.000117758
717,0.000117472
3839,0.000117305
956,0.00011729
3151,0.000117125
327,0.000117083
2576,0.000116995
1556,0.000116962
1701,0.000116886
1769,0.000116877
2310,0.000116808
2882,0.000116513
1933,0.000116484
2070,0.00011628
1646,0.000116213
767,0.000116131
2100,0.000116058
3254,0.000115952
202,0.000115815
3164,0.00011579
1196,0.000115712
2990,0.000115711
3112,0.000115682
2227,0.000115606
3269,0.000115596
549,0.000115448
2528,0.000115348
449,0.000115314
3361,0.000115275
1838,0.000115235
3425,0.000115124
1023,0.000115036
157,0.00011499
1039,0.000114987
3326,0.000114984
1942,0.000114612
3934,0.000114246
4011,0.000114226
1477,0.000114114
2634,0.000114053
2321,0.00011375
27,0.000113473
268,0.000113439
112,0.000113398
788,0.000113335
155,0.000113195
3308,0.000113183
3388,0.000113147
541,0.000113074
1007,0.000113041
502,0.000112932
61,0.000112877
3771,0.00011286
2432,0.000112782
1900,0.000112723
868,0.00011271
865,0.00011271
2876,0.000112473
2311,0.000112472
3537,0.000112322
2792,0.000112247
1821,0.000112084
1297,0.000112083
3603,0.000111928
2725,0.000111911
1731,0.000111896
4006,0.000111769
4032,0.000111769
2265,0.000111763
3973,0.000111516
2723,0.000111495
2941,0.000111456
2824,0.000111366
2635,0.000111322
1445,0.000111253
937,0.000111159
3859,0.000111129
663,0.00011112
657,0.000110985
2878,0.000110841
3418,0.000110714
1627,0.000110691
1836,0.000110607
1853,0.000110409
2186,0.000110222
1403,0.000110103
429,0.000110047
3157,0.000109994
2826,0.000109987
808,0.000109892
1484,0.000109404
2393,0.000109403
405,0.000109343
2767,0.000109278
2903,0.000109268
2312,0.000109196
2096,0.000109194
3091,0.000109018
1397,0.000109011
435,0.00010897
3983,0.000108909
3676,0.000108811
2709,0.000108795
2130,0.000108772
1422,0.000108554
1342,0.000108521
2790,0.000108489
2947,0.000108244
923,0.000108237
295,0.000108221
1443,0.000108184
54,0.000108074
3358,0.000108025
1152,0.000107936
1091,0.00010771
2048,0.000107418
756,0.000107416
1050,0.000107356
3805,0.000107289
3552,0.000107171
629,0.000107161
1711,0.000107076
846,0.000107054
1194,0.000107027
920,0.000106931
2255,0.000106908
672,0.000106889
480,0.0001068
2270,0.000106671
1771,0.000106333
3565,0.000106232
3003,0.000106032
3940,0.00010586
478,0.000105765
1908,0.000105355
586,0.000105217
1053,0.00010518
2437,0.000104995
2204,0.000104995
2400,0.000104924
1586,0.000104902
1046,0.000104902
655,0.000104902
1664,0.000104885
2801,0.000104866
3901,0.000104818
2012,0.0001047
71,0.000104392
621,0.000104277
950,0.000104072
3970,0.000104071
34,0.000103938
2900,0.000103819
83,0.000103779
2671,0.000103734
2721,0.000103734
3322,0.000103628
229,0.0001036
1802,0.000103297
384,0.000103151
552,0.000103151
2298,0.000103114
3197,0.000102921
1486,0.000102861
3389,0.000102689
811,0.000102494
2234,0.000102379
587,0.000102283
300,0.0001022
2885,0.000102047
2530,0.000102023
1143,0.000101616
3660,0.000101591
1670,0.000101544
454,0.000101537
540,0.000101486
2422,0.000101431
3965,0.000101406
3349,0.000101356
1057,0.000101334
3099,0.000101242
2746,0.000101189
3910,0.000101146
467,0.000101082
3266,0.000101046
1008,0.000100901
289,0.000100708
533,0.000100574
1527,0.00010026
3159,0.000100115
3315,0.000100013
3367,1.00E-04
1657,9.98E-05
2794,9.96E-05
1063,9.94E-05
1364,9.94E-05
2804,9.94E-05
3678,9.93E-05
2008,9.92E-05
235,9.91E-05
3428,9.91E-05
499,9.88E-05
3893,9.87E-05
2727,9.86E-05
3801,9.86E-05
2185,9.86E-05
1203,9.84E-05
3165,9.84E-05
190,9.84E-05
240,9.80E-05
2014,9.79E-05
2375,9.79E-05
3015,9.78E-05
3088,9.77E-05
1140,9.77E-05
1002,9.76E-05
1814,9.76E-05
2350,9.75E-05
832,9.75E-05
3733,9.73E-05
244,9.73E-05
282,9.73E-05
2802,9.73E-05
2766,9.72E-05
985,9.72E-05
3600,9.72E-05
2288,9.72E-05
256,9.70E-05
286,9.70E-05
179,9.70E-05
2208,9.69E-05
3372,9.69E-05
3661,9.68E-05
679,9.68E-05
459,9.67E-05
2431,9.67E-05
3755,9.67E-05
3724,9.66E-05
761,9.66E-05
2044,9.65E-05
1069,9.62E-05
855,9.60E-05
340,9.58E-05
3290,9.57E-05
2249,9.56E-05
1264,9.55E-05
972,9.55E-05
790,9.55E-05
929,9.55E-05
3334,9.54E-05
3890,9.52E-05
3925,9.52E-05
974,9.50E-05
3477,9.50E-05
2899,9.49E-05
293,9.49E-05
1248,9.48E-05
649,9.47E-05
1027,9.47E-05
3494,9.46E-05
338,9.44E-05
821,9.42E-05
241,9.41E-05
3746,9.40E-05
3977,9.40E-05
2605,9.40E-05
2166,9.39E-05
1977,9.39E-05
2251,9.36E-05
735,9.35E-05
2816,9.34E-05
182,9.33E-05
1301,9.32E-05
205,9.31E-05
52,9.31E-05
1631,9.31E-05
1602,9.30E-05
3153,9.27E-05
3059,9.27E-05
2019,9.26E-05
910,9.26E-05
1776,9.26E-05
1952,9.25E-05
1552,9.24E-05
1133,9.19E-05
1974,9.18E-05
904,9.17E-05
1607,9.16E-05
2496,9.15E-05
2898,9.15E-05
759,9.15E-05
2080,9.15E-05
2205,9.14E-05
3834,9.14E-05
2427,9.13E-05
3699,9.12E-05
1372,9.12E-05
2752,9.11E-05
97,9.11E-05
70,9.11E-05
3816,9.09E-05
2303,9.08E-05
3936,9.08E-05
250,9.07E-05
3865,9.07E-05
3694,9.07E-05
926,9.04E-05
2613,9.02E-05
3270,9.02E-05
2514,9.02E-05
3268,9.00E-05
3717,9.00E-05
3744,9.00E-05
2106,8.96E-05
2168,8.96E-05
1599,8.96E-05
1710,8.96E-05
1693,8.95E-05
3310,8.94E-05
2021,8.93E-05
704,8.93E-05
1700,8.91E-05
3953,8.91E-05
1093,8.90E-05
385,8.88E-05
1759,8.88E-05
1411,8.87E-05
3398,8.87E-05
390,8.86E-05
3030,8.86E-05
51,8.85E-05
3202,8.85E-05
1253,8.83E-05
1071,8.83E-05
3333,8.81E-05
2413,8.81E-05
2295,8.81E-05
3691,8.80E-05
3560,8.80E-05
1461,8.79E-05
1949,8.78E-05
154,8.76E-05
491,8.76E-05
2383,8.73E-05
1103,8.73E-05
3712,8.73E-05
3133,8.73E-05
2454,8.72E-05
1439,8.71E-05
3897,8.68E-05
2572,8.68E-05
294,8.67E-05
1950,8.67E-05
1913,8.63E-05
1924,8.62E-05
593,8.62E-05
2441,8.62E-05
1295,8.62E-05
1168,8.59E-05
2305,8.59E-05
321,8.59E-05
2838,8.58E-05
1640,8.58E-05
1792,8.57E-05
1937,8.57E-05
2522,8.56E-05
749,8.55E-05
1442,8.53E-05
1490,8.51E-05
2065,8.50E-05
1865,8.50E-05
2388,8.50E-05
3457,8.50E-05
2452,8.49E-05
2893,8.48E-05
2066,8.47E-05
3637,8.46E-05
3765,8.45E-05
642,8.44E-05
581,8.44E-05
3811,8.40E-05
2811,8.39E-05
2695,8.39E-05
2584,8.36E-05
907,8.35E-05
337,8.34E-05
700,8.33E-05
3429,8.33E-05
269,8.32E-05
3317,8.30E-05
2013,8.27E-05
2182,8.25E-05
427,8.25E-05
3217,8.25E-05
3461,8.23E-05
3781,8.23E-05
3946,8.23E-05
2167,8.20E-05
216,8.16E-05
35,8.13E-05
785,8.13E-05
164,8.12E-05
3882,8.12E-05
667,8.11E-05
2895,8.10E-05
2262,8.10E-05
138,8.06E-05
2852,8.03E-05
1887,8.00E-05
3227,7.98E-05
3235,7.97E-05
1797,7.97E-05
3885,7.96E-05
3092,7.96E-05
2884,7.95E-05
2230,7.93E-05
1654,7.93E-05
1038,7.92E-05
349,7.90E-05
3955,7.89E-05
2808,7.88E-05
3121,7.88E-05
1777,7.88E-05
2692,7.85E-05
3689,7.84E-05
468,7.83E-05
899,7.82E-05
1162,7.80E-05
2517,7.79E-05
279,7.78E-05
2691,7.76E-05
3037,7.76E-05
610,7.76E-05
935,7.75E-05
3922,7.74E-05
401,7.74E-05
1521,7.73E-05
63,7.73E-05
2651,7.72E-05
1760,7.70E-05
2922,7.70E-05
3875,7.69E-05
2621,7.69E-05
1546,7.67E-05
2527,7.66E-05
262,7.65E-05
852,7.65E-05
2971,7.61E-05
160,7.61E-05
1874,7.60E-05
3467,7.60E-05
3094,7.59E-05
220,7.59E-05
3575,7.58E-05
2942,7.57E-05
1058,7.56E-05
3978,7.56E-05
1353,7.55E-05
2178,7.54E-05
2483,7.54E-05
1200,7.53E-05
47,7.53E-05
660,7.51E-05
3305,7.51E-05
1383,7.48E-05
1157,7.48E-05
283,7.47E-05
4001,7.46E-05
3987,7.46E-05
4035,7.46E-05
4015,7.46E-05
4024,7.46E-05
3984,7.46E-05
4010,7.46E-05
4008,7.46E-05
4012,7.46E-05
4029,7.46E-05
4022,7.46E-05
2568,7.43E-05
2736,7.39E-05
1476,7.38E-05
379,7.36E-05
316,7.35E-05
721,7.35E-05
365,7.34E-05
3161,7.34E-05
1354,7.33E-05
3686,7.31E-05
120,7.26E-05
3619,7.25E-05
208,7.23E-05
2015,7.21E-05
2358,7.21E-05
411,7.20E-05
998,7.20E-05
1208,7.20E-05
288,7.19E-05
1084,7.18E-05
1455,7.17E-05
247,7.16E-05
1239,7.15E-05
775,7.15E-05
485,7.11E-05
406,7.10E-05
3588,7.07E-05
2857,7.07E-05
1224,7.05E-05
1147,7.04E-05
3942,7.04E-05
2565,7.01E-05
1996,7.01E-05
3879,7.00E-05
699,7.00E-05
2599,6.98E-05
671,6.97E-05
183,6.96E-05
228,6.94E-05
371,6.94E-05
1401,6.92E-05
3271,6.87E-05
191,6.87E-05
3808,6.86E-05
1855,6.86E-05
1697,6.84E-05
4005,6.84E-05
1713,6.81E-05
1414,6.81E-05
2175,6.79E-05
153,6.77E-05
1394,6.77E-05
4034,6.76E-05
3673,6.75E-05
3175,6.74E-05
1510,6.74E-05
841,6.73E-05
1031,6.70E-05
234,6.69E-05
270,6.68E-05
1463,6.66E-05
3582,6.64E-05
3959,6.62E-05
2580,6.61E-05
2505,6.60E-05
1263,6.55E-05
2714,6.54E-05
1579,6.54E-05
1775,6.52E-05
3424,6.52E-05
1022,6.50E-05
3436,6.50E-05
3688,6.50E-05
987,6.49E-05
2980,6.48E-05
2256,6.46E-05
3375,6.45E-05
3807,6.43E-05
2814,6.42E-05
2177,6.42E-05
3432,6.41E-05
3704,6.40E-05
744,6.40E-05
1506,6.38E-05
3370,6.36E-05
1252,6.34E-05
945,6.33E-05
1474,6.31E-05
1326,6.31E-05
996,6.29E-05
854,6.24E-05
2545,6.21E-05
3795,6.21E-05
2524,6.18E-05
656,6.15E-05
3928,6.14E-05
2952,6.12E-05
648,6.11E-05
1346,6.10E-05
1856,6.10E-05
2252,6.08E-05
2541,6.04E-05
2382,6.04E-05
2481,6.02E-05
3323,6.02E-05
2219,6.02E-05
356,5.96E-05
1498,5.96E-05
207,5.96E-05
673,5.95E-05
652,5.95E-05
1417,5.95E-05
851,5.91E-05
892,5.83E-05
883,5.83E-05
891,5.83E-05
875,5.83E-05
877,5.83E-05
859,5.83E-05
530,5.81E-05
1854,5.79E-05
2975,5.78E-05
3044,5.73E-05
562,5.73E-05
206,5.68E-05
2380,5.68E-05
1151,5.61E-05
2493,5.61E-05
1034,5.59E-05
11,5.58E-05
15,5.58E-05
18,5.58E-05
305,5.58E-05
292,5.58E-05
287,5.58E-05
210,5.58E-05
336,5.58E-05
255,5.58E-05
74,5.58E-05
37,5.58E-05
215,5.58E-05
125,5.58E-05
42,5.58E-05
335,5.58E-05
267,5.58E-05
43,5.58E-05
1270,5.55E-05
3413,5.51E-05
448,5.49E-05
1651,5.48E-05
571,5.47E-05
2740,5.47E-05
1065,5.44E-05
1220,5.38E-05
3282,5.38E-05
1558,5.37E-05
1233,5.31E-05
1430,5.28E-05
1362,5.24E-05
1762,5.22E-05
2722,5.22E-05
3006,5.22E-05
2855,5.19E-05
3650,5.17E-05
3974,5.17E-05
3854,5.17E-05
3820,5.17E-05
3856,5.17E-05
3732,5.17E-05
3729,5.17E-05
3709,5.17E-05
3570,5.17E-05
3453,5.17E-05
3451,5.17E-05
2963,5.15E-05
801,5.13E-05
743,5.13E-05
692,5.13E-05
750,5.13E-05
1690,5.13E-05
1967,5.12E-05
3597,5.09E-05
1969,4.98E-05
1176,4.97E-05
1755,4.96E-05
76,4.95E-05
3143,4.86E-05
668,4.84E-05
674,4.84E-05
607,4.84E-05
624,4.84E-05
613,4.84E-05
608,4.84E-05
443,4.79E-05
383,4.79E-05
358,4.79E-05
550,4.79E-05
447,4.79E-05
2442,4.72E-05
3134,4.68E-05
3031,4.58E-05
2842,4.58E-05
2788,4.58E-05
3183,4.58E-05
3230,4.58E-05
3071,4.58E-05
2860,4.51E-05
1560,4.43E-05
1395,4.43E-05
1834,4.43E-05
1206,4.43E-05
911,4.43E-05
1466,4.43E-05
1581,4.43E-05
1145,4.43E-05
1096,4.43E-05
1119,4.43E-05
1386,4.43E-05
918,4.43E-05
2798,4.30E-05
2079,4.27E-05
2269,4.27E-05
2596,4.27E-05
2470,4.27E-05
2195,4.27E-05
1276,4.06E-05
1262,4.06E-05
90,3.73E-05
377,3.73E-05
3125,3.73E-05
3935,3.73E-05
3748,3.73E-05
2457,3.73E-05
209,3.73E-05
3798,3.73E-05
114,3.73E-05
2569,3.73E-05
3589,3.73E-05
2998,3.73E-05
2595,3.73E-05
585,3.73E-05
2704,3.73E-05
602,3.73E-05
638,3.73E-05
3853,3.73E-05
33,3.73E-05
3408,3.73E-05
12,3.73E-05
860,3.73E-05
