Node,Degree_Centrality
107,0.211986132
1684,0.156760773
1912,0.147597821
3437,0.113422486
0,0.072313026
2543,0.060178306
2347,0.056463596
1888,0.051510649
2266,0.047548291
1985,0.047052997
1663,0.046310054
1800,0.04581476
2233,0.045567112
1730,0.044576523
1199,0.044576523
1352,0.044081228
2142,0.044081228
483,0.043833581
1941,0.043338286
2078,0.043338286
2218,0.043090639
348,0.042842992
2047,0.042842992
1431,0.042595344
2611,0.042347697
2206,0.04210005
2410,0.04210005
2088,0.041852402
1584,0.041852402
2229,0.041357107
1993,0.04110946
1946,0.04110946
1768,0.040861813
1943,0.040614165
2560,0.040614165
2240,0.040614165
1983,0.040614165
2601,0.040614165
2059,0.040366518
2123,0.040118871
2244,0.040118871
2131,0.040118871
1746,0.040118871
2507,0.040118871
2369,0.040118871
2309,0.040118871
2590,0.039871223
1589,0.039871223
2150,0.039871223
2464,0.039623576
1126,0.039623576
1399,0.039623576
2340,0.039375929
1086,0.039375929
2624,0.039375929
2428,0.039128281
1833,0.039128281
2526,0.039128281
1938,0.039128281
1612,0.038880634
2324,0.038880634
1917,0.038880634
2172,0.038880634
2586,0.038880634
1377,0.038880634
2220,0.038632987
2201,0.038632987
2290,0.038385339
2188,0.038385339
2384,0.038385339
1827,0.038385339
2073,0.038385339
2395,0.038137692
1559,0.038137692
2625,0.037890045
2542,0.037890045
2602,0.037642397
2376,0.037642397
2604,0.03739475
2607,0.03739475
2414,0.03739475
2090,0.037147103
2184,0.037147103
1962,0.037147103
2118,0.037147103
1613,0.037147103
2593,0.037147103
2111,0.036899455
2615,0.036899455
1551,0.036899455
1804,0.036899455
2064,0.036899455
1984,0.036651808
2363,0.036651808
2199,0.03640416
2630,0.03640416
1707,0.03640416
2104,0.03640416
2331,0.03640416
2356,0.03640416
1390,0.036156513
2045,0.035908866
2381,0.035908866
2030,0.035908866
2339,0.035908866
1714,0.035908866
2093,0.035413571
2323,0.035413571
2007,0.035413571
2103,0.035165924
1078,0.035165924
2468,0.035165924
2500,0.035165924
2326,0.035165924
1979,0.035165924
2043,0.034918276
1835,0.034918276
2553,0.034918276
2550,0.034918276
2600,0.034918276
1376,0.034918276
2139,0.034918276
1211,0.034670629
2370,0.034670629
2200,0.034670629
2140,0.034670629
2409,0.034670629
2037,0.034422982
1610,0.034422982
2190,0.034422982
2271,0.034175334
1966,0.034175334
1839,0.034175334
2275,0.033927687
1621,0.033927687
2404,0.033927687
2564,0.033927687
2460,0.033927687
925,0.033927687
1367,0.03368004
2492,0.03368004
1622,0.03368004
1813,0.03368004
686,0.03368004
2655,0.033432392
2033,0.033432392
2354,0.033184745
2423,0.033184745
2352,0.033184745
1059,0.033184745
1971,0.033184745
2253,0.032937098
2069,0.032937098
2108,0.032937098
2578,0.032937098
1391,0.032937098
2520,0.03268945
414,0.03268945
1577,0.03268945
2333,0.032441803
946,0.032441803
2374,0.032441803
2032,0.032441803
2278,0.032441803
1184,0.032194156
2283,0.032194156
2551,0.032194156
2559,0.032194156
2154,0.032194156
1986,0.032194156
2124,0.031946508
2598,0.031946508
2328,0.031946508
2619,0.031946508
2081,0.031698861
2074,0.031698861
2549,0.031451213
2133,0.031451213
1918,0.031451213
1516,0.031451213
1718,0.031451213
2561,0.031203566
1471,0.031203566
2112,0.031203566
1929,0.030955919
2638,0.030955919
2482,0.030955919
1604,0.030955919
1522,0.030955919
2654,0.030708271
2121,0.030708271
1420,0.030708271
2446,0.030708271
1554,0.030460624
2040,0.030460624
2257,0.030460624
2504,0.030460624
2087,0.030460624
2308,0.030460624
1662,0.030460624
1736,0.030460624
2573,0.030212977
1557,0.029965329
993,0.029965329
2083,0.029965329
2054,0.029965329
2122,0.029965329
1879,0.029965329
2063,0.029965329
2020,0.029965329
1185,0.029717682
2276,0.029717682
2005,0.029717682
2336,0.029717682
1006,0.029717682
1238,0.029222387
1447,0.029222387
1793,0.029222387
2282,0.029222387
2359,0.029222387
2433,0.02897474
1331,0.02897474
2187,0.02897474
1799,0.02897474
2430,0.02897474
2117,0.02897474
2095,0.02897474
2299,0.02897474
1146,0.028727093
2495,0.028727093
2212,0.028479445
2084,0.028479445
2386,0.028479445
2539,0.028231798
376,0.028231798
1076,0.028231798
2348,0.028231798
2555,0.027984151
2115,0.027984151
916,0.027984151
1997,0.027984151
1717,0.027984151
1250,0.027736503
1603,0.027736503
2408,0.027736503
1153,0.027736503
1132,0.027736503
1329,0.027736503
1791,0.027736503
2511,0.027488856
2307,0.027488856
2839,0.027488856
2289,0.027241209
2292,0.027241209
2138,0.027241209
2068,0.027241209
2334,0.027241209
1669,0.026993561
2521,0.026993561
2046,0.026993561
2086,0.026993561
1017,0.026993561
2467,0.026745914
1107,0.026745914
1488,0.026745914
1256,0.026745914
1222,0.026745914
1335,0.026745914
1925,0.026745914
3363,0.026745914
1509,0.026498266
2556,0.026498266
2268,0.026498266
2646,0.026498266
1269,0.026498266
980,0.026250619
2469,0.026250619
1757,0.026250619
2546,0.026002972
1175,0.026002972
1124,0.026002972
2623,0.026002972
2509,0.026002972
1945,0.026002972
2102,0.026002972
2575,0.026002972
2471,0.026002972
1816,0.025755324
2098,0.025755324
2261,0.025755324
2153,0.025755324
2642,0.025755324
2224,0.025755324
2279,0.025755324
2109,0.025755324
1230,0.025755324
2149,0.025755324
1491,0.025755324
2629,0.025507677
2592,0.025507677
1783,0.025507677
2649,0.025507677
2484,0.025507677
1920,0.025507677
1456,0.025507677
2183,0.025507677
1361,0.025507677
1101,0.02526003
2463,0.02526003
2485,0.02526003
917,0.02526003
1867,0.02526003
1467,0.02526003
136,0.02526003
3101,0.02526003
2072,0.02526003
1330,0.02526003
1926,0.025012382
2510,0.025012382
428,0.025012382
1750,0.025012382
1255,0.025012382
2300,0.025012382
1675,0.025012382
2216,0.025012382
2038,0.024764735
947,0.024764735
1953,0.024764735
2461,0.024764735
3397,0.024764735
1277,0.024764735
1125,0.024517088
1721,0.024517088
1809,0.024517088
2491,0.024517088
1598,0.024517088
2302,0.024517088
1665,0.024517088
896,0.024517088
1668,0.024517088
2077,0.024517088
1902,0.024517088
1341,0.02426944
1608,0.02426944
475,0.02426944
2237,0.02426944
1868,0.02426944
1689,0.02426944
1947,0.02426944
1267,0.02426944
2506,0.024021793
1620,0.024021793
1761,0.024021793
2567,0.024021793
1842,0.024021793
2329,0.024021793
2176,0.023774146
1547,0.023774146
1683,0.023774146
2344,0.023774146
2241,0.023774146
1823,0.023774146
3082,0.023774146
2071,0.023774146
637,0.023774146
2165,0.023774146
2579,0.023526498
1079,0.023526498
1849,0.023526498
2180,0.023526498
2056,0.023526498
1570,0.023526498
2742,0.023526498
3291,0.023278851
2327,0.023278851
1173,0.023278851
1959,0.023278851
2319,0.023278851
1864,0.023031204
2247,0.023031204
2631,0.023031204
2053,0.023031204
2125,0.023031204
2039,0.022783556
966,0.022783556
1752,0.022783556
1619,0.022783556
3320,0.022783556
2127,0.022783556
1214,0.022783556
2418,0.022783556
2174,0.022783556
1117,0.022783556
2294,0.022783556
1617,0.022535909
1600,0.022535909
2143,0.022535909
1741,0.022535909
2223,0.022535909
1520,0.022535909
1465,0.022288262
2754,0.022288262
2306,0.022288262
1104,0.022288262
1191,0.022288262
2196,0.022288262
1243,0.022288262
1291,0.022040614
353,0.022040614
484,0.022040614
953,0.021792967
2532,0.021792967
2552,0.021792967
1597,0.021792967
2419,0.021792967
2966,0.021792967
2563,0.021545319
3426,0.021545319
1172,0.021545319
3090,0.021545319
1048,0.021545319
1583,0.021545319
2250,0.021545319
2351,0.021545319
2060,0.021545319
1370,0.021545319
1886,0.021297672
1530,0.021297672
1409,0.021297672
1735,0.021297672
2189,0.021297672
1416,0.021297672
2489,0.021297672
2028,0.021050025
1948,0.021050025
2608,0.021050025
2169,0.021050025
967,0.021050025
2338,0.021050025
2052,0.021050025
1845,0.021050025
2451,0.021050025
3232,0.021050025
3116,0.020802377
2398,0.020802377
1609,0.020802377
1459,0.020802377
1786,0.020802377
2194,0.020802377
2574,0.020802377
2210,0.020802377
606,0.020802377
2377,0.020802377
2877,0.020802377
2617,0.020802377
1563,0.020802377
3051,0.02055473
1483,0.02055473
1623,0.02055473
1712,0.02055473
1004,0.02055473
1861,0.02055473
412,0.02055473
366,0.02055473
517,0.02055473
2508,0.02055473
1204,0.02055473
2951,0.02055473
3434,0.02055473
1163,0.020307083
2477,0.020307083
2719,0.020307083
2778,0.020307083
1149,0.020307083
1898,0.020307083
3830,0.020307083
1083,0.020307083
2669,0.020059435
3280,0.020059435
1205,0.020059435
1271,0.020059435
2462,0.020059435
1305,0.019811788
2436,0.019811788
2164,0.019811788
2213,0.019811788
2616,0.019811788
2203,0.019811788
1964,0.019811788
2863,0.019811788
2475,0.019811788
3198,0.019564141
2927,0.019564141
1954,0.019564141
2026,0.019564141
2478,0.019564141
1003,0.019564141
1014,0.019564141
960,0.019564141
3078,0.019564141
1789,0.019564141
526,0.019316493
1334,0.019316493
1643,0.019316493
1685,0.019316493
2793,0.019316493
2372,0.019316493
2332,0.019316493
2597,0.019316493
3026,0.019316493
2554,0.019316493
1302,0.019316493
363,0.019316493
1192,0.019316493
1128,0.019316493
1339,0.019316493
2716,0.019316493
1345,0.019316493
2434,0.019068846
1235,0.019068846
2786,0.019068846
2679,0.019068846
2246,0.019068846
2782,0.019068846
1932,0.019068846
2582,0.019068846
2661,0.019068846
2591,0.018821199
373,0.018821199
1181,0.018821199
2956,0.018821199
2394,0.018821199
1242,0.018821199
2458,0.018821199
2944,0.018821199
2643,0.018821199
2594,0.018821199
538,0.018821199
2915,0.018821199
1637,0.018821199
2755,0.018821199
3417,0.018573551
2986,0.018573551
2179,0.018573551
2499,0.018573551
2498,0.018573551
1591,0.018573551
2042,0.018325904
978,0.018325904
2267,0.018325904
2254,0.018325904
1826,0.018325904
1156,0.018325904
2191,0.018325904
2148,0.018325904
2588,0.018078257
3201,0.018078257
921,0.018078257
1288,0.018078257
3330,0.018078257
1810,0.018078257
2533,0.018078257
1688,0.018078257
1322,0.018078257
2906,0.018078257
566,0.018078257
2429,0.017830609
2730,0.017830609
2516,0.017830609
2134,0.017830609
3033,0.017830609
1893,0.017830609
1480,0.017830609
3154,0.017830609
3132,0.017830609
2512,0.017830609
2694,0.017830609
997,0.017582962
934,0.017582962
1742,0.017582962
3351,0.017582962
1289,0.017582962
2750,0.017582962
1580,0.017582962
1819,0.017582962
1358,0.017582962
1590,0.017582962
2132,0.017582962
2890,0.017335315
1955,0.017335315
2407,0.017335315
3387,0.017335315
1472,0.017335315
3104,0.017335315
2151,0.017335315
2161,0.017335315
2537,0.017087667
1380,0.017087667
1272,0.017087667
497,0.017087667
3150,0.017087667
1940,0.017087667
2928,0.017087667
1871,0.017087667
563,0.017087667
1939,0.017087667
2135,0.017087667
1632,0.01684002
3348,0.01684002
2960,0.01684002
1449,0.01684002
1573,0.01684002
1344,0.01684002
513,0.01684002
3324,0.01684002
2313,0.01684002
3185,0.01684002
1032,0.01684002
1462,0.01684002
1795,0.01684002
2392,0.01684002
1388,0.01684002
2867,0.01684002
1049,0.01684002
2738,0.016592372
3076,0.016592372
828,0.016592372
580,0.016592372
2916,0.016592372
2315,0.016592372
2325,0.016592372
2128,0.016592372
3038,0.016592372
1659,0.016592372
1479,0.016592372
2353,0.016592372
465,0.016344725
1605,0.016344725
1539,0.016344725
2273,0.016344725
2420,0.016344725
3152,0.016344725
1989,0.016344725
2002,0.016344725
1024,0.016344725
2472,0.016344725
2589,0.016344725
1375,0.016344725
1359,0.016344725
2872,0.016344725
2925,0.016344725
3596,0.016344725
56,0.016344725
927,0.016344725
713,0.016097078
3084,0.016097078
2910,0.016097078
2909,0.016097078
3938,0.016097078
952,0.016097078
3060,0.016097078
1737,0.016097078
2866,0.016097078
1536,0.016097078
1963,0.016097078
1026,0.01584943
2757,0.01584943
2676,0.01584943
559,0.01584943
1628,0.01584943
1070,0.01584943
2777,0.01584943
2864,0.01584943
2833,0.01584943
3252,0.01584943
3396,0.01584943
1402,0.01584943
1198,0.01584943
1729,0.01584943
3054,0.01584943
1290,0.015601783
3545,0.015601783
2969,0.015601783
1614,0.015601783
1636,0.015601783
431,0.015601783
1075,0.015601783
1029,0.015601783
3022,0.015601783
2264,0.015601783
1661,0.015601783
2973,0.015601783
2399,0.015601783
2343,0.015354136
1470,0.015354136
561,0.015354136
2849,0.015354136
2800,0.015354136
1538,0.015354136
1653,0.015354136
1916,0.015354136
2055,0.015354136
2606,0.015354136
3347,0.015354136
1652,0.015106488
1312,0.015106488
1753,0.015106488
395,0.015106488
400,0.015106488
3362,0.015106488
2992,0.015106488
3035,0.015106488
2062,0.015106488
2664,0.015106488
1323,0.015106488
1067,0.015106488
3226,0.015106488
2368,0.015106488
2943,0.015106488
2901,0.015106488
3140,0.014858841
3174,0.014858841
2683,0.014858841
2010,0.014858841
2501,0.014858841
2144,0.014858841
3339,0.014858841
3350,0.014858841
3277,0.014858841
1231,0.014858841
2905,0.014858841
999,0.014858841
1844,0.014858841
1639,0.014858841
2706,0.014858841
1796,0.014858841
3360,0.014611194
1523,0.014611194
1972,0.014611194
3247,0.014611194
3056,0.014611194
3049,0.014611194
1347,0.014611194
3000,0.014611194
500,0.014611194
3267,0.014611194
438,0.014611194
1970,0.014611194
271,0.014611194
26,0.014611194
322,0.014363546
3096,0.014363546
1066,0.014363546
3195,0.014363546
2232,0.014363546
3604,0.014363546
3344,0.014363546
507,0.014363546
252,0.014363546
1280,0.014363546
1630,0.014363546
1574,0.014363546
3321,0.014363546
1899,0.014363546
2920,0.014363546
3017,0.014363546
1644,0.014363546
2287,0.014115899
2304,0.014115899
2136,0.014115899
1209,0.014115899
1227,0.014115899
2058,0.014115899
2445,0.014115899
1427,0.014115899
553,0.014115899
2904,0.014115899
698,0.014115899
1995,0.014115899
1160,0.014115899
2827,0.014115899
906,0.014115899
3182,0.014115899
2724,0.014115899
3145,0.014115899
3019,0.014115899
2913,0.013868252
67,0.013868252
705,0.013868252
897,0.013868252
2674,0.013868252
1135,0.013868252
3419,0.013868252
1261,0.013868252
1596,0.013868252
21,0.013868252
1715,0.013868252
982,0.013868252
1221,0.013868252
1951,0.013868252
2101,0.013868252
3119,0.013868252
1110,0.013868252
1495,0.013868252
1123,0.013868252
1475,0.013868252
3406,0.013620604
1765,0.013620604
2391,0.013620604
2396,0.013620604
2828,0.013620604
1891,0.013620604
1158,0.013620604
1373,0.013620604
3284,0.013620604
1528,0.013620604
25,0.013620604
277,0.013620604
1207,0.013620604
492,0.013620604
1703,0.013372957
370,0.013372957
1047,0.013372957
1540,0.013372957
2911,0.013372957
805,0.013372957
1611,0.013372957
2873,0.013372957
2880,0.013372957
2438,0.013372957
2815,0.013372957
1811,0.013372957
2698,0.013372957
1282,0.013372957
2869,0.013372957
3149,0.013372957
2417,0.013372957
1782,0.013372957
3113,0.013372957
3027,0.01312531
378,0.01312531
3172,0.01312531
1772,0.01312531
2689,0.01312531
3633,0.01312531
506,0.01312531
1298,0.01312531
3980,0.01312531
2939,0.01312531
942,0.01312531
2748,0.01312531
2862,0.01312531
641,0.01312531
2116,0.01312531
1502,0.01312531
1040,0.01312531
1340,0.01312531
3684,0.012877662
3345,0.012877662
2653,0.012877662
3433,0.012877662
524,0.012877662
1338,0.012877662
2919,0.012877662
374,0.012877662
1287,0.012877662
2536,0.012877662
2171,0.012877662
3274,0.012877662
3302,0.012877662
460,0.012877662
1515,0.012877662
1074,0.012877662
3117,0.012877662
745,0.012630015
3521,0.012630015
422,0.012630015
1680,0.012630015
3293,0.012630015
3256,0.012630015
1052,0.012630015
1351,0.012630015
1820,0.012630015
391,0.012630015
3098,0.012630015
3108,0.012630015
2991,0.012630015
1857,0.012630015
3002,0.012630015
3064,0.012630015
651,0.012630015
983,0.012630015
932,0.012630015
1576,0.012630015
567,0.012382368
2603,0.012382368
119,0.012382368
2912,0.012382368
1571,0.012382368
122,0.012382368
2810,0.012382368
2988,0.012382368
3070,0.012382368
3233,0.012382368
1182,0.012382368
1130,0.012382368
2666,0.012382368
2780,0.012382368
2729,0.012382368
1709,0.012382368
3342,0.012382368
1275,0.012382368
2235,0.012382368
2259,0.012382368
203,0.012382368
514,0.012382368
1237,0.012382368
3214,0.012382368
3120,0.012382368
1028,0.012382368
1828,0.01213472
957,0.01213472
2993,0.01213472
1877,0.01213472
2937,0.01213472
3025,0.01213472
544,0.01213472
525,0.01213472
3756,0.01213472
747,0.01213472
1794,0.01213472
1320,0.01213472
1085,0.01213472
1994,0.01213472
1927,0.01213472
2640,0.01213472
3162,0.01213472
1423,0.01213472
1100,0.011887073
1284,0.011887073
2364,0.011887073
1505,0.011887073
1973,0.011887073
2001,0.011887073
2894,0.011887073
1009,0.011887073
823,0.011887073
995,0.011887073
1426,0.011887073
1894,0.011887073
419,0.011887073
542,0.011887073
3495,0.011887073
1487,0.011887073
1535,0.011887073
456,0.011887073
493,0.011887073
3948,0.011887073
3169,0.011639425
824,0.011639425
2936,0.011639425
1369,0.011639425
1457,0.011639425
3073,0.011639425
2994,0.011639425
1413,0.011639425
9,0.011639425
2657,0.011639425
719,0.011639425
515,0.011639425
3332,0.011639425
417,0.011639425
3136,0.011639425
3456,0.011639425
1469,0.011639425
1148,0.011639425
1082,0.011639425
3381,0.011639425
1273,0.011639425
2538,0.011639425
2285,0.011639425
3179,0.011639425
3297,0.011639425
3106,0.011639425
1824,0.011639425
2659,0.011391778
3029,0.011391778
2985,0.011391778
1020,0.011391778
2853,0.011391778
2946,0.011391778
3611,0.011391778
2226,0.011391778
239,0.011391778
1724,0.011391778
1716,0.011391778
3263,0.011391778
520,0.011391778
402,0.011391778
3391,0.011391778
1080,0.011391778
3146,0.011391778
2385,0.011391778
3353,0.011391778
3335,0.011391778
2680,0.011391778
1056,0.011391778
2796,0.011391778
1432,0.011391778
2974,0.011391778
3261,0.011391778
3239,0.011391778
1099,0.011144131
3065,0.011144131
1437,0.011144131
1129,0.011144131
2931,0.011144131
2940,0.011144131
1019,0.011144131
1021,0.011144131
2989,0.011144131
404,0.011144131
1691,0.011144131
200,0.011144131
3087,0.011144131
3158,0.011144131
1112,0.011144131
2773,0.011144131
2215,0.011144131
3115,0.011144131
1504,0.011144131
3366,0.011144131
3411,0.011144131
2031,0.011144131
3804,0.011144131
2243,0.011144131
3184,0.011144131
1201,0.011144131
1396,0.010896483
2897,0.010896483
2211,0.010896483
3838,0.010896483
1722,0.010896483
3378,0.010896483
436,0.010896483
2330,0.010896483
1473,0.010896483
2749,0.010896483
3107,0.010896483
2763,0.010896483
697,0.010896483
1219,0.010896483
3021,0.010896483
1393,0.010896483
2781,0.010896483
3240,0.010896483
1159,0.010896483
556,0.010648836
1366,0.010648836
1876,0.010648836
2449,0.010648836
694,0.010648836
1645,0.010648836
1647,0.010648836
975,0.010648836
954,0.010648836
930,0.010648836
2018,0.010648836
830,0.010648836
3102,0.010648836
1751,0.010648836
315,0.010648836
1285,0.010648836
2547,0.010648836
3137,0.010648836
3142,0.010648836
3577,0.010648836
1525,0.010648836
3851,0.010648836
503,0.010648836
781,0.010648836
724,0.010648836
1655,0.010648836
2126,0.010648836
2645,0.010648836
2648,0.010648836
1998,0.010401189
1435,0.010401189
2024,0.010401189
1292,0.010401189
1991,0.010401189
432,0.010401189
2390,0.010401189
1882,0.010401189
2743,0.010401189
2365,0.010401189
1923,0.010401189
3224,0.010401189
3204,0.010401189
1122,0.010401189
3220,0.010401189
3253,0.010401189
1166,0.010401189
3800,0.010401189
3385,0.010401189
2137,0.010401189
1102,0.010401189
3824,0.010401189
1734,0.010401189
3355,0.010401189
1770,0.010401189
1980,0.010401189
3077,0.010401189
1919,0.010401189
2465,0.010401189
2061,0.010401189
2280,0.010401189
1054,0.010401189
2367,0.010153541
1587,0.010153541
1405,0.010153541
1336,0.010153541
2284,0.010153541
1725,0.010153541
3206,0.010153541
3584,0.010153541
1754,0.010153541
1692,0.010153541
2609,0.010153541
1482,0.010153541
1513,0.010153541
2198,0.010153541
1448,0.010153541
98,0.010153541
1036,0.010153541
1018,0.010153541
2459,0.010153541
1293,0.010153541
3442,0.010153541
408,0.010153541
1454,0.010153541
3287,0.010153541
3384,0.010153541
3877,0.010153541
3416,0.010153541
2006,0.010153541
2075,0.010153541
3085,0.010153541
2720,0.010153541
3052,0.010153541
2345,0.010153541
1732,0.010153541
1542,0.010153541
1881,0.009905894
2620,0.009905894
2741,0.009905894
2610,0.009905894
2753,0.009905894
2652,0.009905894
3506,0.009905894
941,0.009905894
3004,0.009905894
2447,0.009905894
2875,0.009905894
3040,0.009905894
423,0.009905894
1981,0.009905894
272,0.009905894
3403,0.009905894
1687,0.009905894
2717,0.009905894
2202,0.009905894
1229,0.009905894
2022,0.009905894
1195,0.009905894
3188,0.009905894
3793,0.009905894
1113,0.009905894
3386,0.009905894
1720,0.009905894
1379,0.009905894
3258,0.009905894
3971,0.009905894
2896,0.009658247
3968,0.009658247
981,0.009658247
3011,0.009658247
2293,0.009658247
285,0.009658247
3435,0.009658247
3111,0.009658247
853,0.009658247
3327,0.009658247
3364,0.009658247
1935,0.009658247
1485,0.009658247
3790,0.009658247
3168,0.009658247
1862,0.009658247
3089,0.009658247
1831,0.009658247
1832,0.009658247
199,0.009658247
2110,0.009658247
444,0.009658247
3047,0.009658247
1279,0.009658247
2004,0.009658247
1303,0.009658247
2785,0.009658247
1257,0.009658247
2473,0.009658247
2322,0.009658247
1841,0.009658247
2945,0.009658247
2950,0.009658247
3966,0.009658247
2378,0.009410599
2806,0.009410599
461,0.009410599
3272,0.009410599
304,0.009410599
3288,0.009410599
1496,0.009410599
3365,0.009410599
3299,0.009410599
1807,0.009410599
1812,0.009410599
3005,0.009410599
2787,0.009410599
1404,0.009410599
1549,0.009410599
3586,0.009410599
3298,0.009410599
1616,0.009410599
3265,0.009410599
188,0.009410599
913,0.009410599
186,0.009410599
2258,0.009410599
1863,0.009410599
1872,0.009410599
527,0.009410599
1851,0.009410599
397,0.009410599
1327,0.009410599
1215,0.009162952
3734,0.009162952
959,0.009162952
1155,0.009162952
1092,0.009162952
3501,0.009162952
1702,0.009162952
1572,0.009162952
2647,0.009162952
3930,0.009162952
3640,0.009162952
902,0.009162952
360,0.009162952
2955,0.009162952
3072,0.009162952
3672,0.009162952
1859,0.009162952
596,0.009162952
389,0.009162952
2311,0.009162952
439,0.009162952
3412,0.009162952
1180,0.009162952
2583,0.008915305
1349,0.008915305
3926,0.008915305
2003,0.008915305
2159,0.008915305
537,0.008915305
2222,0.008915305
1565,0.008915305
463,0.008915305
1041,0.008915305
3449,0.008915305
2758,0.008915305
2756,0.008915305
1460,0.008915305
142,0.008915305
1723,0.008915305
1120,0.008915305
3177,0.008915305
1108,0.008915305
1699,0.008915305
1960,0.008915305
2929,0.008915305
827,0.008667657
2057,0.008667657
1060,0.008667657
2665,0.008667657
3295,0.008667657
3219,0.008667657
3207,0.008667657
3593,0.008667657
1374,0.008667657
3514,0.008667657
2887,0.008667657
3906,0.008667657
3014,0.008667657
2770,0.008667657
924,0.008667657
2627,0.008667657
3369,0.008667657
1766,0.008667657
3797,0.008667657
3422,0.008667657
455,0.008667657
2518,0.008667657
2192,0.008667657
630,0.008667657
3114,0.008667657
984,0.008667657
2239,0.008667657
1545,0.008667657
3677,0.008667657
2361,0.00842001
591,0.00842001
172,0.00842001
1304,0.00842001
1315,0.00842001
40,0.00842001
1911,0.00842001
2765,0.00842001
452,0.00842001
3488,0.00842001
1259,0.00842001
2009,0.00842001
1914,0.00842001
1921,0.00842001
1532,0.00842001
3196,0.00842001
332,0.00842001
3301,0.00842001
280,0.00842001
3079,0.00842001
1389,0.00842001
2225,0.00842001
2874,0.00842001
1179,0.00842001
1740,0.00842001
1524,0.00842001
1548,0.00842001
1332,0.00842001
2387,0.00842001
2147,0.00842001
2242,0.00842001
169,0.00842001
1236,0.00842001
2092,0.00842001
3228,0.008172363
1114,0.008172363
2835,0.008172363
3829,0.008172363
2976,0.008172363
1210,0.008172363
948,0.008172363
1068,0.008172363
325,0.008172363
323,0.008172363
1666,0.008172363
3036,0.008172363
1595,0.008172363
388,0.008172363
1895,0.008172363
3625,0.008172363
903,0.008172363
2633,0.008172363
2881,0.008172363
968,0.008172363
2996,0.008172363
898,0.008172363
113,0.008172363
2415,0.008172363
3902,0.008172363
2576,0.008172363
1529,0.008172363
3118,0.008172363
688,0.008172363
3257,0.008172363
1778,0.008172363
2865,0.008172363
2914,0.008172363
1365,0.008172363
2221,0.008172363
3086,0.008172363
1258,0.008172363
695,0.008172363
988,0.007924715
3924,0.007924715
1371,0.007924715
3842,0.007924715
1957,0.007924715
842,0.007924715
236,0.007924715
261,0.007924715
856,0.007924715
1569,0.007924715
3860,0.007924715
2155,0.007924715
3097,0.007924715
1217,0.007924715
3758,0.007924715
1790,0.007924715
313,0.007924715
1408,0.007924715
3020,0.007924715
2681,0.007924715
496,0.007924715
1878,0.007924715
2479,0.007924715
523,0.007924715
545,0.007924715
1848,0.007924715
1843,0.007924715
592,0.007924715
703,0.007924715
2145,0.007924715
1673,0.007924715
3448,0.007924715
1976,0.007924715
392,0.007924715
2660,0.007924715
1355,0.007924715
2932,0.007677068
1245,0.007677068
2337,0.007677068
944,0.007677068
1634,0.007677068
1309,0.007677068
1382,0.007677068
2502,0.007677068
3705,0.007677068
2231,0.007677068
2970,0.007677068
3296,0.007677068
504,0.007677068
1517,0.007677068
409,0.007677068
2712,0.007677068
1733,0.007677068
355,0.007677068
2783,0.007677068
3023,0.007677068
1837,0.007677068
2274,0.007677068
1429,0.007677068
1968,0.007677068
834,0.007677068
1097,0.007677068
815,0.007677068
2662,0.007677068
2639,0.007677068
1281,0.007677068
1118,0.007677068
2871,0.007677068
2921,0.007677068
2097,0.007677068
2129,0.007677068
1897,0.007677068
1378,0.007677068
3737,0.007677068
2585,0.007677068
3250,0.007429421
170,0.007429421
1037,0.007429421
915,0.007429421
1190,0.007429421
3962,0.007429421
1446,0.007429421
1873,0.007429421
2440,0.007429421
557,0.007429421
2924,0.007429421
1324,0.007429421
3331,0.007429421
1216,0.007429421
2658,0.007429421
1931,0.007429421
3687,0.007429421
726,0.007429421
3576,0.007429421
728,0.007429421
3400,0.007429421
3629,0.007429421
1567,0.007429421
3346,0.007429421
3951,0.007429421
3605,0.007429421
1398,0.007429421
2157,0.007429421
2637,0.007429421
1787,0.007429421
1694,0.007429421
2318,0.007429421
1260,0.007429421
420,0.007429421
1677,0.007429421
1909,0.007429421
2297,0.007429421
394,0.007429421
1051,0.007429421
820,0.007429421
2049,0.007429421
2728,0.007429421
3540,0.007429421
118,0.007429421
1452,0.007429421
2236,0.007429421
1010,0.007429421
2209,0.007429421
1682,0.007429421
1109,0.007429421
579,0.007429421
109,0.007181773
3692,0.007181773
3794,0.007181773
2751,0.007181773
482,0.007181773
1706,0.007181773
1774,0.007181773
2317,0.007181773
3455,0.007181773
2529,0.007181773
1649,0.007181773
3238,0.007181773
2476,0.007181773
3680,0.007181773
2027,0.007181773
1638,0.007181773
1313,0.007181773
2448,0.007181773
1170,0.007181773
1360,0.007181773
2823,0.007181773
2416,0.007181773
555,0.007181773
2772,0.007181773
2977,0.007181773
2228,0.007181773
2636,0.007181773
1343,0.007181773
1744,0.007181773
1392,0.007181773
3187,0.007181773
479,0.007181773
2346,0.007181773
487,0.007181773
1278,0.007181773
1903,0.007181773
3858,0.007181773
2718,0.007181773
2011,0.007181773
3873,0.007181773
3869,0.007181773
819,0.007181773
342,0.007181773
3833,0.007181773
1550,0.007181773
2371,0.007181773
2366,0.007181773
3213,0.007181773
784,0.007181773
2067,0.007181773
901,0.007181773
2739,0.007181773
3191,0.007181773
3129,0.007181773
1656,0.007181773
2296,0.007181773
3525,0.007181773
2494,0.006934126
2850,0.006934126
3945,0.006934126
1508,0.006934126
2488,0.006934126
3731,0.006934126
2958,0.006934126
3529,0.006934126
1601,0.006934126
938,0.006934126
936,0.006934126
2841,0.006934126
1283,0.006934126
387,0.006934126
3034,0.006934126
2379,0.006934126
773,0.006934126
766,0.006934126
1534,0.006934126
3518,0.006934126
1553,0.006934126
1582,0.006934126
3884,0.006934126
3046,0.006934126
1904,0.006934126
2675,0.006934126
1975,0.006934126
3316,0.006934126
3395,0.006934126
990,0.006934126
992,0.006934126
1226,0.006934126
3568,0.006934126
213,0.006934126
1348,0.006934126
13,0.006934126
718,0.006686478
752,0.006686478
2107,0.006686478
1407,0.006686478
994,0.006686478
1987,0.006686478
488,0.006686478
1115,0.006686478
810,0.006686478
3341,0.006686478
430,0.006686478
2525,0.006686478
511,0.006686478
1519,0.006686478
1763,0.006686478
434,0.006686478
1767,0.006686478
1999,0.006686478
339,0.006686478
2673,0.006686478
2668,0.006686478
1511,0.006686478
1626,0.006686478
531,0.006686478
1189,0.006686478
211,0.006686478
1458,0.006686478
3018,0.006686478
3010,0.006686478
3528,0.006686478
1012,0.006686478
3722,0.006686478
3822,0.006686478
3234,0.006686478
780,0.006686478
3212,0.006686478
1451,0.006686478
1555,0.006686478
3900,0.006686478
3486,0.006686478
2708,0.006686478
3135,0.006686478
3464,0.006686478
570,0.006686478
604,0.006686478
2411,0.006686478
1350,0.006686478
1333,0.006686478
1866,0.006686478
573,0.006686478
1337,0.006686478
3304,0.006686478
3100,0.006686478
3558,0.006686478
2840,0.006686478
2425,0.006686478
1001,0.006686478
1942,0.006438831
3160,0.006438831
2907,0.006438831
2173,0.006438831
1225,0.006438831
2854,0.006438831
989,0.006438831
1406,0.006438831
2519,0.006438831
2626,0.006438831
3166,0.006438831
2163,0.006438831
2644,0.006438831
2389,0.006438831
3782,0.006438831
1686,0.006438831
1695,0.006438831
1958,0.006438831
3651,0.006438831
1728,0.006438831
512,0.006438831
1798,0.006438831
3702,0.006438831
1142,0.006438831
2715,0.006438831
1015,0.006438831
82,0.006438831
1440,0.006438831
800,0.006438831
2397,0.006438831
2713,0.006438831
1164,0.006438831
1880,0.006438831
224,0.006438831
3557,0.006438831
104,0.006438831
1425,0.006438831
1299,0.006438831
3921,0.006438831
2571,0.006438831
3617,0.006438831
1318,0.006438831
683,0.006438831
2412,0.006438831
1316,0.006438831
3001,0.006438831
669,0.006438831
1593,0.006438831
971,0.006438831
969,0.006438831
1578,0.006191184
3599,0.006191184
963,0.006191184
1606,0.006191184
2406,0.006191184
547,0.006191184
1188,0.006191184
2892,0.006191184
3264,0.006191184
1265,0.006191184
1011,0.006191184
368,0.006191184
774,0.006191184
3728,0.006191184
3542,0.006191184
3016,0.006191184
2335,0.006191184
1846,0.006191184
849,0.006191184
3399,0.006191184
3740,0.006191184
471,0.006191184
2613,0.006191184
2672,0.006191184
1944,0.006191184
1514,0.006191184
291,0.006191184
3303,0.006191184
1705,0.006191184
1727,0.006191184
2557,0.006191184
1183,0.006191184
1825,0.006191184
1635,0.006191184
2953,0.006191184
708,0.006191184
1671,0.006191184
3918,0.006191184
787,0.006191184
696,0.006191184
3468,0.006191184
2711,0.006191184
2029,0.006191184
1436,0.006191184
1910,0.006191184
1907,0.006191184
1438,0.006191184
654,0.006191184
1624,0.005943536
977,0.005943536
3810,0.005943536
1512,0.005943536
1507,0.005943536
3750,0.005943536
2844,0.005943536
1415,0.005943536
1556,0.005943536
2745,0.005943536
2085,0.005943536
3553,0.005943536
1246,0.005943536
1444,0.005943536
3255,0.005943536
3273,0.005943536
739,0.005943536
1232,0.005943536
754,0.005943536
2829,0.005943536
1821,0.005943536
1357,0.005943536
1064,0.005943536
829,0.005943536
2025,0.005943536
2000,0.005943536
1081,0.005943536
1497,0.005943536
1300,0.005943536
354,0.005943536
3505,0.005943536
367,0.005943536
1136,0.005943536
1116,0.005943536
329,0.005943536
1428,0.005943536
1503,0.005943536
334,0.005943536
2544,0.005943536
1533,0.005943536
3203,0.005943536
1543,0.005943536
1764,0.005943536
3225,0.005943536
3275,0.005943536
2540,0.005943536
3248,0.005943536
1165,0.005943536
1296,0.005943536
2021,0.005943536
396,0.005943536
415,0.005943536
2091,0.005943536
922,0.005943536
2768,0.005943536
919,0.005943536
962,0.005695889
2156,0.005695889
2141,0.005695889
1615,0.005695889
614,0.005695889
560,0.005695889
3259,0.005695889
1758,0.005695889
548,0.005695889
546,0.005695889
3826,0.005695889
3231,0.005695889
3285,0.005695889
3193,0.005695889
3440,0.005695889
3721,0.005695889
1541,0.005695889
3377,0.005695889
141,0.005695889
3828,0.005695889
583,0.005695889
3243,0.005695889
1131,0.005695889
3279,0.005695889
2705,0.005695889
840,0.005695889
1500,0.005695889
265,0.005695889
1568,0.005695889
445,0.005695889
346,0.005695889
2999,0.005695889
2628,0.005695889
1858,0.005695889
2355,0.005695889
2734,0.005695889
847,0.005695889
3176,0.005695889
53,0.005695889
1137,0.005695889
770,0.005695889
2272,0.005695889
1681,0.005695889
760,0.005695889
797,0.005695889
1044,0.005695889
398,0.005695889
2035,0.005695889
1468,0.005695889
3714,0.005695889
3711,0.005695889
1039,0.005695889
2978,0.005695889
1307,0.005695889
223,0.005695889
738,0.005695889
2832,0.005448242
1319,0.005448242
2987,0.005448242
2981,0.005448242
1381,0.005448242
1321,0.005448242
3123,0.005448242
908,0.005448242
3526,0.005448242
3491,0.005448242
1642,0.005448242
3907,0.005448242
3081,0.005448242
451,0.005448242
458,0.005448242
3635,0.005448242
3718,0.005448242
3466,0.005448242
3124,0.005448242
601,0.005448242
2684,0.005448242
1493,0.005448242
1494,0.005448242
2362,0.005448242
3693,0.005448242
1785,0.005448242
3764,0.005448242
3313,0.005448242
2836,0.005448242
964,0.005448242
1803,0.005448242
2775,0.005448242
3886,0.005448242
1885,0.005448242
2023,0.005448242
2044,0.005448242
2480,0.005448242
2474,0.005448242
1738,0.005448242
519,0.005448242
2764,0.005448242
510,0.005448242
494,0.005448242
3841,0.005448242
3415,0.005448242
2342,0.005448242
1806,0.005448242
3674,0.005448242
2393,0.005448242
308,0.005448242
3260,0.005448242
677,0.005448242
249,0.005448242
817,0.005448242
3609,0.005448242
609,0.005448242
1818,0.005200594
3719,0.005200594
1062,0.005200594
1464,0.005200594
2762,0.005200594
1317,0.005200594
2845,0.005200594
3569,0.005200594
3590,0.005200594
2807,0.005200594
1306,0.005200594
2663,0.005200594
2686,0.005200594
3460,0.005200594
2819,0.005200594
1310,0.005200594
3870,0.005200594
3469,0.005200594
2731,0.005200594
2701,0.005200594
324,0.005200594
1900,0.005200594
3706,0.005200594
644,0.005200594
680,0.005200594
3943,0.005200594
3420,0.005200594
1196,0.005200594
3237,0.005200594
764,0.005200594
2050,0.005200594
1106,0.005200594
1139,0.005200594
481,0.005200594
1453,0.005200594
3223,0.005200594
473,0.005200594
1098,0.005200594
2234,0.005200594
1247,0.005200594
3821,0.005200594
2813,0.005200594
128,0.005200594
1769,0.005200594
578,0.005200594
2350,0.005200594
3690,0.005200594
3337,0.005200594
862,0.005200594
632,0.005200594
1629,0.005200594
1928,0.005200594
2843,0.004952947
734,0.004952947
731,0.004952947
1801,0.004952947
2830,0.004952947
2146,0.004952947
2160,0.004952947
2984,0.004952947
1421,0.004952947
3915,0.004952947
3753,0.004952947
1450,0.004952947
3509,0.004952947
599,0.004952947
2214,0.004952947
619,0.004952947
3379,0.004952947
1779,0.004952947
662,0.004952947
361,0.004952947
1850,0.004952947
3390,0.004952947
1781,0.004952947
1212,0.004952947
2797,0.004952947
2812,0.004952947
627,0.004952947
1561,0.004952947
369,0.004952947
618,0.004952947
1121,0.004952947
3831,0.004952947
1144,0.004952947
469,0.004952947
1095,0.004952947
94,0.004952947
2908,0.004952947
3062,0.004952947
2530,0.004952947
2581,0.004952947
687,0.004952947
238,0.004952947
3438,0.004952947
678,0.004952947
3262,0.004952947
312,0.004952947
421,0.004952947
2690,0.004952947
653,0.004952947
3186,0.004952947
3148,0.004952947
643,0.004952947
1674,0.004952947
242,0.004952947
2427,0.004952947
2435,0.004952947
1884,0.004952947
3080,0.004952947
1875,0.004952947
1815,0.004952947
3642,0.004952947
3636,0.004952947
2401,0.004952947
248,0.0047053
3480,0.0047053
1035,0.0047053
3527,0.0047053
2303,0.0047053
1419,0.0047053
658,0.0047053
2803,0.0047053
727,0.0047053
1618,0.0047053
1314,0.0047053
600,0.0047053
1650,0.0047053
297,0.0047053
3380,0.0047053
577,0.0047053
3007,0.0047053
2795,0.0047053
1311,0.0047053
2341,0.0047053
1228,0.0047053
3394,0.0047053
640,0.0047053
1484,0.0047053
3178,0.0047053
2286,0.0047053
558,0.0047053
1648,0.0047053
1592,0.0047053
3573,0.0047053
2208,0.0047053
1223,0.0047053
933,0.0047053
3554,0.0047053
3555,0.0047053
2846,0.0047053
2577,0.0047053
72,0.0047053
3656,0.0047053
3221,0.0047053
3710,0.0047053
1167,0.0047053
1906,0.0047053
1489,0.0047053
1743,0.0047053
539,0.0047053
320,0.0047053
88,0.0047053
3139,0.0047053
650,0.0047053
565,0.0047053
1771,0.0047053
814,0.0047053
3463,0.0047053
2383,0.0047053
1286,0.0047053
3628,0.0047053
1410,0.0047053
2733,0.0047053
3475,0.0047053
2443,0.0047053
2432,0.0047053
3667,0.0047053
1171,0.0047053
2531,0.0047053
2497,0.0047053
3730,0.0047053
1072,0.0047053
1870,0.0047053
59,0.0047053
92,0.0047053
48,0.0047053
495,0.0047053
489,0.0047053
1704,0.0047053
4030,0.004457652
180,0.004457652
3969,0.004457652
949,0.004457652
659,0.004457652
838,0.004457652
1936,0.004457652
848,0.004457652
3738,0.004457652
1852,0.004457652
2635,0.004457652
3013,0.004457652
1847,0.004457652
1805,0.004457652
1625,0.004457652
661,0.004457652
625,0.004457652
3041,0.004457652
1658,0.004457652
1660,0.004457652
1667,0.004457652
2096,0.004457652
185,0.004457652
2761,0.004457652
3891,0.004457652
3039,0.004457652
2759,0.004457652
3508,0.004457652
3032,0.004457652
617,0.004457652
615,0.004457652
359,0.004457652
2310,0.004457652
635,0.004457652
1025,0.004457652
3538,0.004457652
636,0.004457652
1773,0.004457652
3042,0.004457652
350,0.004457652
793,0.004457652
3286,0.004457652
3306,0.004457652
681,0.004457652
1672,0.004457652
3103,0.004457652
3075,0.004457652
416,0.004457652
3670,0.004457652
1531,0.004457652
645,0.004457652
2938,0.004457652
2036,0.004457652
3163,0.004457652
2641,0.004457652
41,0.004457652
2016,0.004457652
403,0.004457652
115,0.004457652
3294,0.004457652
2587,0.004457652
1836,0.004457652
1412,0.004457652
3713,0.004457652
543,0.004457652
1141,0.004457652
3209,0.004457652
1726,0.004457652
3835,0.004457652
2566,0.004457652
462,0.004457652
3852,0.004457652
3836,0.004457652
62,0.004457652
1883,0.004457652
232,0.004457652
171,0.004457652
3559,0.004457652
3578,0.004457652
2917,0.004457652
3933,0.004457652
3947,0.004210005
3931,0.004210005
1588,0.004210005
701,0.004210005
2868,0.004210005
958,0.004210005
3648,0.004210005
1433,0.004210005
783,0.004210005
80,0.004210005
3211,0.004210005
1127,0.004210005
2249,0.004210005
161,0.004210005
474,0.004210005
3850,0.004210005
2612,0.004210005
1526,0.004210005
3171,0.004210005
3170,0.004210005
2618,0.004210005
2486,0.004210005
1063,0.004210005
2089,0.004210005
148,0.004210005
3634,0.004210005
3215,0.004210005
3825,0.004210005
1537,0.004210005
1747,0.004210005
3319,0.004210005
1274,0.004210005
3707,0.004210005
2288,0.004210005
675,0.004210005
670,0.004210005
516,0.004210005
3618,0.004210005
676,0.004210005
589,0.004210005
803,0.004210005
1679,0.004210005
418,0.004210005
302,0.004210005
303,0.004210005
758,0.004210005
254,0.004210005
194,0.004210005
711,0.004210005
2207,0.004210005
3318,0.004210005
792,0.004210005
1982,0.004210005
1990,0.004210005
2737,0.004210005
352,0.004210005
597,0.004210005
123,0.004210005
3328,0.004210005
3278,0.004210005
3868,0.004210005
3867,0.004210005
3510,0.004210005
1780,0.004210005
2784,0.004210005
3414,0.004210005
3747,0.004210005
1328,0.004210005
3927,0.004210005
3909,0.004210005
976,0.004210005
2170,0.004210005
3957,0.004210005
1633,0.004210005
1356,0.004210005
3776,0.003962358
3683,0.003962358
3499,0.003962358
2934,0.003962358
1418,0.003962358
835,0.003962358
1575,0.003962358
4023,0.003962358
3,0.003962358
973,0.003962358
3608,0.003962358
755,0.003962358
616,0.003962358
134,0.003962358
741,0.003962358
2120,0.003962358
214,0.003962358
926,0.003962358
2779,0.003962358
3276,0.003962358
1294,0.003962358
3803,0.003962358
2650,0.003962358
666,0.003962358
101,0.003962358
2670,0.003962358
3236,0.003962358
2065,0.003962358
2702,0.003962358
1069,0.003962358
1698,0.003962358
2454,0.003962358
595,0.003962358
3791,0.003962358
536,0.003962358
326,0.003962358
3866,0.003962358
2048,0.003962358
3189,0.003962358
2248,0.003962358
2558,0.003962358
1241,0.003962358
2570,0.003962358
1400,0.003962358
965,0.003962358
2858,0.003962358
2851,0.003962358
2496,0.003962358
3199,0.003962358
2949,0.003962358
972,0.003962358
3967,0.003962358
3534,0.003962358
3431,0.003962358
3743,0.003962358
158,0.003962358
3768,0.003962358
3761,0.003962358
266,0.003962358
2789,0.003962358
3496,0.003962358
3497,0.003962358
3786,0.003962358
3471,0.003962358
3550,0.003962358
809,0.003962358
3069,0.003962358
3493,0.003962358
1585,0.003962358
3896,0.003962358
3478,0.003962358
2197,0.003962358
720,0.003962358
1566,0.00371471
3645,0.00371471
3643,0.00371471
3443,0.00371471
2667,0.00371471
3458,0.00371471
807,0.00371471
2019,0.00371471
144,0.00371471
2962,0.00371471
2260,0.00371471
665,0.00371471
2572,0.00371471
2964,0.00371471
3194,0.00371471
175,0.00371471
508,0.00371471
3192,0.00371471
2825,0.00371471
1363,0.00371471
2848,0.00371471
709,0.00371471
31,0.00371471
2918,0.00371471
2870,0.00371471
2534,0.00371471
2693,0.00371471
231,0.00371471
3658,0.00371471
647,0.00371471
551,0.00371471
2455,0.00371471
3241,0.00371471
1161,0.00371471
554,0.00371471
518,0.00371471
3837,0.00371471
446,0.00371471
2295,0.00371471
2298,0.00371471
2605,0.00371471
3862,0.00371471
3173,0.00371471
3109,0.00371471
1187,0.00371471
1869,0.00371471
2687,0.00371471
3465,0.00371471
2682,0.00371471
3138,0.00371471
3741,0.00371471
1213,0.00371471
3356,0.00371471
299,0.00371471
748,0.00371471
3898,0.00371471
184,0.00371471
1564,0.00371471
3474,0.00371471
127,0.00371471
2400,0.00371471
3779,0.00371471
1676,0.00371471
3881,0.00371471
1439,0.00371471
1441,0.00371471
133,0.00371471
357,0.00371471
2735,0.00371471
3627,0.00371471
684,0.00371471
685,0.00371471
3307,0.00371471
1988,0.00371471
3519,0.00371471
1501,0.00371471
3009,0.00371471
284,0.00371471
3421,0.00371471
3430,0.00371471
3546,0.00371471
3511,0.00371471
3697,0.00371471
3500,0.00371471
3774,0.00371471
3762,0.00371471
3759,0.00371471
3359,0.00371471
2314,0.00371471
2312,0.00371471
845,0.00371471
19,0.00371471
3612,0.00371471
951,0.00371471
1308,0.00371471
3615,0.00371471
1424,0.00371471
3913,0.00371471
2891,0.00371471
2967,0.00371471
939,0.00371471
3591,0.00371471
3956,0.00371471
204,0.00371471
7,0.00371471
1,0.00371471
706,0.003467063
3861,0.003467063
2181,0.003467063
3329,0.003467063
226,0.003467063
3571,0.003467063
2948,0.003467063
3517,0.003467063
3872,0.003467063
2972,0.003467063
2959,0.003467063
3563,0.003467063
3564,0.003467063
3392,0.003467063
914,0.003467063
2995,0.003467063
2809,0.003467063
1678,0.003467063
3903,0.003467063
1174,0.003467063
3246,0.003467063
3587,0.003467063
795,0.003467063
3300,0.003467063
3242,0.003467063
3314,0.003467063
3485,0.003467063
2513,0.003467063
2490,0.003467063
1646,0.003467063
1594,0.003467063
3222,0.003467063
3057,0.003467063
424,0.003467063
450,0.003467063
3289,0.003467063
3802,0.003467063
1700,0.003467063
3809,0.003467063
425,0.003467063
3068,0.003467063
3675,0.003467063
1091,0.003467063
331,0.003467063
1889,0.003467063
3646,0.003467063
3210,0.003467063
132,0.003467063
603,0.003467063
605,0.003467063
3410,0.003467063
3423,0.003467063
3048,0.003467063
2818,0.003467063
3459,0.003467063
1186,0.003467063
1169,0.003467063
620,0.003467063
2076,0.003467063
1719,0.003467063
3623,0.003467063
3472,0.003467063
3393,0.003467063
2119,0.003467063
2700,0.003467063
2703,0.003467063
2622,0.003467063
3760,0.003467063
1481,0.003467063
3752,0.003467063
991,0.003467063
2349,0.003467063
20,0.003467063
779,0.003467063
2889,0.003467063
187,0.003467063
1817,0.003467063
1042,0.003467063
343,0.003467063
3093,0.003467063
2696,0.003467063
1784,0.003467063
55,0.003467063
3144,0.003467063
3739,0.003467063
2185,0.003467063
57,0.003467063
1860,0.003467063
345,0.003467063
582,0.003467063
598,0.003467063
3698,0.003467063
3725,0.003467063
1978,0.003467063
1965,0.003467063
1952,0.003467063
2082,0.003467063
212,0.003467063
3382,0.003219416
940,0.003219416
2186,0.003219416
3245,0.003219416
3601,0.003219416
521,0.003219416
2883,0.003219416
3920,0.003219416
2503,0.003219416
3532,0.003219416
3524,0.003219416
3498,0.003219416
375,0.003219416
1325,0.003219416
3325,0.003219416
3312,0.003219416
2099,0.003219416
3549,0.003219416
3535,0.003219416
3998,0.003219416
362,0.003219416
3950,0.003219416
2837,0.003219416
931,0.003219416
2831,0.003219416
3373,0.003219416
2965,0.003219416
3976,0.003219416
2270,0.003219416
2291,0.003219416
3050,0.003219416
1033,0.003219416
905,0.003219416
39,0.003219416
3409,0.003219416
3167,0.003219416
3066,0.003219416
730,0.003219416
196,0.003219416
413,0.003219416
3058,0.003219416
3792,0.003219416
3785,0.003219416
3061,0.003219416
3799,0.003219416
3024,0.003219416
762,0.003219416
2677,0.003219416
1544,0.003219416
569,0.003219416
769,0.003219416
3479,0.003219416
274,0.003219416
281,0.003219416
276,0.003219416
3404,0.003219416
3462,0.003219416
1710,0.003219416
3043,0.003219416
2744,0.003219416
1739,0.003219416
3703,0.003219416
2707,0.003219416
3735,0.003219416
3773,0.003219416
2697,0.003219416
490,0.003219416
2152,0.003219416
2522,0.003219416
3695,0.003219416
3685,0.003219416
2523,0.003219416
66,0.003219416
584,0.003219416
116,0.003219416
833,0.003219416
486,0.003219416
1478,0.003219416
3726,0.003219416
1808,0.003219416
3757,0.003219416
2114,0.003219416
1830,0.003219416
3095,0.003219416
3110,0.003219416
3708,0.003219416
2879,0.003219416
2305,0.003219416
970,0.003219416
1005,0.003219416
137,0.003219416
2426,0.003219416
777,0.003219416
804,0.002971768
105,0.002971768
778,0.002971768
3972,0.002971768
1007,0.002971768
1244,0.002971768
3960,0.002971768
611,0.002971768
1930,0.002971768
257,0.002971768
2859,0.002971768
622,0.002971768
2238,0.002971768
2888,0.002971768
3657,0.002971768
45,0.002971768
426,0.002971768
1090,0.002971768
3655,0.002971768
3654,0.002971768
258,0.002971768
1822,0.002971768
2614,0.002971768
737,0.002971768
3701,0.002971768
3778,0.002971768
2584,0.002971768
3112,0.002971768
330,0.002971768
3205,0.002971768
2656,0.002971768
2726,0.002971768
1492,0.002971768
772,0.002971768
839,0.002971768
3662,0.002971768
576,0.002971768
3450,0.002971768
2562,0.002971768
2403,0.002971768
2402,0.002971768
2820,0.002971768
3533,0.002971768
3567,0.002971768
3483,0.002971768
3484,0.002971768
3249,0.002971768
3244,0.002971768
3556,0.002971768
1000,0.002971768
1992,0.002971768
3281,0.002971768
3283,0.002971768
3574,0.002971768
3490,0.002971768
149,0.002971768
590,0.002971768
2405,0.002971768
3402,0.002971768
822,0.002971768
1234,0.002971768
3476,0.002971768
1177,0.002971768
3845,0.002971768
765,0.002971768
3855,0.002971768
3624,0.002971768
3452,0.002971768
1745,0.002971768
2747,0.002971768
410,0.002971768
2746,0.002971768
1901,0.002971768
628,0.002971768
505,0.002971768
3823,0.002971768
1518,0.002971768
2979,0.002971768
2012,0.002971768
3975,0.002971768
693,0.002971768
2262,0.002971768
290,0.002971768
2453,0.002971768
30,0.002971768
2933,0.002971768
3343,0.002971768
3547,0.002971768
3309,0.002971768
3562,0.002971768
440,0.002724121
1150,0.002724121
1152,0.002724121
1094,0.002724121
3649,0.002724121
341,0.002724121
1043,0.002724121
623,0.002724121
29,0.002724121
626,0.002724121
3130,0.002724121
857,0.002724121
1922,0.002724121
3156,0.002724121
1829,0.002724121
2162,0.002724121
736,0.002724121
831,0.002724121
2699,0.002724121
143,0.002724121
1249,0.002724121
227,0.002724121
99,0.002724121
2444,0.002724121
24,0.002724121
1434,0.002724121
1874,0.002724121
771,0.002724121
843,0.002724121
844,0.002724121
1853,0.002724121
634,0.002724121
3763,0.002724121
3783,0.002724121
3979,0.002724121
2856,0.002724121
75,0.002724121
1422,0.002724121
1178,0.002724121
1748,0.002724121
1756,0.002724121
1749,0.002724121
1397,0.002724121
729,0.002724121
1892,0.002724121
197,0.002724121
198,0.002724121
3817,0.002724121
3819,0.002724121
2710,0.002724121
3815,0.002724121
1913,0.002724121
3454,0.002724121
3008,0.002724121
3012,0.002724121
920,0.002724121
568,0.002724121
2794,0.002724121
3620,0.002724121
3613,0.002724121
3481,0.002724121
2982,0.002724121
2769,0.002724121
1696,0.002724121
763,0.002724121
837,0.002724121
314,0.002724121
1143,0.002724121
633,0.002724121
682,0.002724121
712,0.002724121
3863,0.002724121
509,0.002724121
3630,0.002724121
457,0.002724121
3644,0.002724121
85,0.002724121
528,0.002724121
3895,0.002724121
298,0.002724121
3594,0.002724121
3602,0.002724121
3595,0.002724121
3383,0.002724121
3374,0.002724121
943,0.002724121
2961,0.002724121
3912,0.002724121
3917,0.002724121
1641,0.002724121
876,0.002724121
372,0.002724121
2968,0.002724121
2822,0.002724121
251,0.002724121
176,0.002724121
3892,0.002724121
3883,0.002724121
2997,0.002724121
799,0.002724121
535,0.002724121
2821,0.002724121
3929,0.002724121
2923,0.002724121
3523,0.002724121
3371,0.002724121
3512,0.002724121
2935,0.002724121
3352,0.002724121
3357,0.002724121
111,0.002724121
753,0.002724121
2277,0.002724121
14,0.002724121
722,0.002724121
2205,0.002724121
2193,0.002476474
173,0.002476474
2265,0.002476474
3982,0.002476474
3994,0.002476474
2217,0.002476474
2357,0.002476474
2886,0.002476474
3964,0.002476474
3292,0.002476474
2320,0.002476474
130,0.002476474
135,0.002476474
2360,0.002476474
3541,0.002476474
889,0.002476474
3311,0.002476474
3539,0.002476474
1385,0.002476474
3581,0.002476474
3579,0.002476474
3326,0.002476474
3592,0.002476474
742,0.002476474
2105,0.002476474
631,0.002476474
1138,0.002476474
1197,0.002476474
1384,0.002476474
278,0.002476474
1411,0.002476474
1268,0.002476474
407,0.002476474
3388,0.002476474
3405,0.002476474
3470,0.002476474
3473,0.002476474
3315,0.002476474
2014,0.002476474
2957,0.002476474
181,0.002476474
23,0.002476474
2766,0.002476474
900,0.002476474
818,0.002476474
2685,0.002476474
2688,0.002476474
664,0.002476474
2158,0.002476474
50,0.002476474
1251,0.002476474
907,0.002476474
156,0.002476474
3105,0.002476474
442,0.002476474
1934,0.002476474
3736,0.002476474
1077,0.002476474
1088,0.002476474
1089,0.002476474
2413,0.002476474
3696,0.002476474
3155,0.002476474
3151,0.002476474
3715,0.002476474
863,0.002476474
3446,0.002476474
3679,0.002476474
3663,0.002476474
3229,0.002476474
3190,0.002476474
3208,0.002476474
1134,0.002476474
1527,0.002476474
646,0.002476474
2301,0.002476474
108,0.002476474
2876,0.002476474
2847,0.002476474
961,0.002476474
986,0.002476474
723,0.002476474
789,0.002476474
3997,0.002476474
103,0.002476474
3944,0.002476474
794,0.002476474
3888,0.002476474
246,0.002476474
2983,0.002476474
3857,0.002476474
84,0.002476474
716,0.002476474
3889,0.002476474
2771,0.002476474
2990,0.002476474
3028,0.002476474
3847,0.002476474
87,0.002476474
3639,0.002228826
1896,0.002228826
732,0.002228826
382,0.002228826
381,0.002228826
3583,0.002228826
1218,0.002228826
2882,0.002228826
165,0.002228826
3638,0.002228826
1266,0.002228826
639,0.002228826
3610,0.002228826
3418,0.002228826
318,0.002228826
1364,0.002228826
3622,0.002228826
3482,0.002228826
1193,0.002228826
3254,0.002228826
309,0.002228826
310,0.002228826
2678,0.002228826
3340,0.002228826
3367,0.002228826
3358,0.002228826
4021,0.002228826
4004,0.002228826
612,0.002228826
3503,0.002228826
3522,0.002228826
1342,0.002228826
746,0.002228826
751,0.002228826
2760,0.002228826
1061,0.002228826
1905,0.002228826
3720,0.002228826
3053,0.002228826
3832,0.002228826
68,0.002228826
2535,0.002228826
2568,0.002228826
2524,0.002228826
3067,0.002228826
3083,0.002228826
3784,0.002228826
1788,0.002228826
629,0.002228826
2723,0.002228826
1055,0.002228826
3775,0.002228826
3777,0.002228826
3780,0.002228826
1045,0.002228826
2599,0.002228826
1499,0.002228826
850,0.002228826
502,0.002228826
1111,0.002228826
3202,0.002228826
3427,0.002228826
218,0.002228826
3681,0.002228826
1084,0.002228826
588,0.002228826
470,0.002228826
2373,0.002228826
3157,0.002228826
1073,0.002228826
433,0.002228826
2802,0.002228826
826,0.002228826
2424,0.002228826
715,0.002228826
3874,0.002228826
3840,0.002228826
2791,0.002228826
532,0.002228826
575,0.002228826
836,0.002228826
3818,0.002228826
1013,0.002228826
714,0.002228826
806,0.002228826
178,0.002228826
2878,0.002228826
2450,0.002228826
2452,0.002228826
2466,0.002228826
1670,0.002228826
3919,0.002228826
1239,0.002228826
2954,0.002228826
955,0.002228826
3949,0.002228826
2926,0.002228826
2861,0.002228826
2947,0.002228826
17,0.002228826
16,0.002228826
4,0.002228826
4038,0.001981179
4014,0.001981179
5,0.001981179
1602,0.001981179
4009,0.001981179
3723,0.001981179
168,0.001981179
162,0.001981179
3995,0.001981179
3986,0.001981179
3981,0.001981179
100,0.001981179
782,0.001981179
776,0.001981179
534,0.001981179
106,0.001981179
2051,0.001981179
2034,0.001981179
2013,0.001981179
2514,0.001981179
541,0.001981179
2421,0.001981179
2070,0.001981179
574,0.001981179
2515,0.001981179
529,0.001981179
816,0.001981179
813,0.001981179
1977,0.001981179
522,0.001981179
69,0.001981179
65,0.001981179
1950,0.001981179
1933,0.001981179
79,0.001981179
78,0.001981179
477,0.001981179
1915,0.001981179
466,0.001981179
60,0.001981179
121,0.001981179
861,0.001981179
36,0.001981179
449,0.001981179
275,0.001981179
405,0.001981179
1202,0.001981179
3621,0.001981179
880,0.001981179
3520,0.001981179
3516,0.001981179
3515,0.001981179
3507,0.001981179
3338,0.001981179
140,0.001981179
139,0.001981179
399,0.001981179
3548,0.001981179
888,0.001981179
3566,0.001981179
2941,0.001981179
3598,0.001981179
1368,0.001981179
3361,0.001981179
3164,0.001981179
319,0.001981179
1387,0.001981179
3251,0.001981179
3616,0.001981179
3614,0.001981179
2130,0.001981179
3641,0.001981179
3631,0.001981179
1154,0.001981179
3218,0.001981179
3668,0.001981179
1887,0.001981179
3141,0.001981179
1840,0.001981179
1445,0.001981179
1443,0.001981179
1477,0.001981179
3754,0.001981179
1802,0.001981179
3128,0.001981179
2709,0.001981179
2316,0.001981179
159,0.001981179
740,0.001981179
2695,0.001981179
3088,0.001981179
3770,0.001981179
3769,0.001981179
909,0.001981179
3796,0.001981179
3788,0.001981179
3063,0.001981179
1731,0.001981179
1708,0.001981179
3015,0.001981179
928,0.001981179
2790,0.001981179
1023,0.001981179
150,0.001981179
177,0.001981179
2182,0.001981179
1562,0.001981179
3876,0.001981179
2804,0.001981179
2801,0.001981179
979,0.001981179
2834,0.001981179
2900,0.001981179
1631,0.001981179
22,0.001981179
4019,0.001981179
4017,0.001981179
3958,0.001981179
3932,0.001981179
2852,0.001981179
690,0.001981179
4031,0.001981179
10,0.001981179
2,0.001733531
4026,0.001733531
2252,0.001733531
710,0.001733531
2227,0.001733531
3961,0.001733531
1008,0.001733531
28,0.001733531
3923,0.001733531
3934,0.001733531
3937,0.001733531
689,0.001733531
950,0.001733531
2805,0.001733531
3871,0.001733531
923,0.001733531
1701,0.001733531
3894,0.001733531
3880,0.001733531
2263,0.001733531
2255,0.001733531
702,0.001733531
998,0.001733531
3904,0.001733531
937,0.001733531
3908,0.001733531
167,0.001733531
1016,0.001733531
3843,0.001733531
2281,0.001733531
146,0.001733531
2816,0.001733531
3878,0.001733531
3181,0.001733531
217,0.001733531
1103,0.001733531
3664,0.001733531
3666,0.001733531
3671,0.001733531
1865,0.001733531
2903,0.001733531
328,0.001733531
1087,0.001733531
3092,0.001733531
3766,0.001733531
3126,0.001733531
2094,0.001733531
3099,0.001733531
129,0.001733531
131,0.001733531
1490,0.001733531
912,0.001733531
2177,0.001733531
2727,0.001733531
2166,0.001733531
3789,0.001733531
1775,0.001733531
3814,0.001733531
1030,0.001733531
221,0.001733531
3153,0.001733531
2113,0.001733531
1050,0.001733531
347,0.001733531
1814,0.001733531
1463,0.001733531
3492,0.001733531
882,0.001733531
878,0.001733531
798,0.001733531
2487,0.001733531
3376,0.001733531
437,0.001733531
273,0.001733531
3401,0.001733531
89,0.001733531
812,0.001733531
435,0.001733531
73,0.001733531
4000,0.001733531
4002,0.001733531
4027,0.001733531
58,0.001733531
890,0.001733531
64,0.001733531
478,0.001733531
2632,0.001733531
429,0.001733531
38,0.001733531
869,0.001733531
3543,0.001733531
3585,0.001733531
3580,0.001733531
3308,0.001733531
3572,0.001733531
3336,0.001733531
3334,0.001733531
96,0.001733531
501,0.001733531
393,0.001733531
3531,0.001733531
2456,0.001733531
225,0.001733531
2008,0.001733531
540,0.001733531
3536,0.001733531
3269,0.001733531
311,0.001733531
2826,0.001733531
3603,0.001733531
1401,0.001733531
587,0.001733531
768,0.001733531
126,0.001733531
1908,0.001733531
2066,0.001733531
237,0.001733531
586,0.001733531
2725,0.001733531
3200,0.001733531
3197,0.001733531
1140,0.001733531
333,0.001733531
259,0.001733531
2548,0.001733531
263,0.001733531
3428,0.001733531
3368,0.001733531
385,0.001733531
564,0.001733531
3502,0.001733531
3349,0.001733531
380,0.001733531
3354,0.001733531
1461,0.001485884
3669,0.001485884
3159,0.001485884
3133,0.001485884
344,0.001485884
3772,0.001485884
2175,0.001485884
663,0.001485884
3055,0.001485884
3045,0.001485884
3827,0.001485884
1521,0.001485884
1053,0.001485884
2100,0.001485884
1838,0.001485884
3716,0.001485884
3727,0.001485884
3700,0.001485884
756,0.001485884
2080,0.001485884
3122,0.001485884
3487,0.001485884
691,0.001485884
985,0.001485884
935,0.001485884
3914,0.001485884
672,0.001485884
2930,0.001485884
974,0.001485884
707,0.001485884
4013,0.001485884
4020,0.001485884
2251,0.001485884
3941,0.001485884
3940,0.001485884
2902,0.001485884
956,0.001485884
3899,0.001485884
3916,0.001485884
2811,0.001485884
3864,0.001485884
657,0.001485884
655,0.001485884
1664,0.001485884
1599,0.001485884
3030,0.001485884
3751,0.001485884
3094,0.001485884
3767,0.001485884
733,0.001485884
725,0.001485884
195,0.001485884
1552,0.001485884
3180,0.001485884
1890,0.001485884
1093,0.001485884
222,0.001485884
3551,0.001485884
3552,0.001485884
295,0.001485884
549,0.001485884
364,0.001485884
1301,0.001485884
3333,0.001485884
2439,0.001485884
1248,0.001485884
786,0.001485884
476,0.001485884
886,0.001485884
1372,0.001485884
117,0.001485884
3235,0.001485884
3165,0.001485884
3647,0.001485884
3659,0.001485884
1414,0.001485884
2752,0.001485884
230,0.001485884
3607,0.001485884
306,0.001485884
3561,0.001485884
3266,0.001485884
3270,0.001485884
317,0.001485884
441,0.001485884
808,0.001485884
2017,0.001485884
3513,0.001485884
2517,0.001485884
874,0.001485884
91,0.001485884
871,0.001485884
93,0.001485884
390,0.001485884
3389,0.001485884
879,0.001485884
1974,0.001485884
881,0.001485884
1297,0.001485884
3425,0.001485884
3445,0.001485884
1924,0.001485884
268,0.001485884
1956,0.001485884
1961,0.001485884
1254,0.001485884
870,0.001485884
243,0.001485884
491,0.001485884
77,0.001485884
2545,0.001485884
480,0.001485884
260,0.001485884
3963,0.001485884
3973,0.001485884
2898,0.001485884
2899,0.001485884
4018,0.001238237
2245,0.001238237
3993,0.001238237
2230,0.001238237
3989,0.001238237
189,0.001238237
163,0.001238237
27,0.001238237
2884,0.001238237
2895,0.001238237
2824,0.001238237
54,0.001238237
2634,0.001238237
3859,0.001238237
2817,0.001238237
3887,0.001238237
1949,0.001238237
2528,0.001238237
3436,0.001238237
3429,0.001238237
472,0.001238237
459,0.001238237
846,0.001238237
3911,0.001238237
1640,0.001238237
2942,0.001238237
2799,0.001238237
1654,0.001238237
3905,0.001238237
821,0.001238237
3439,0.001238237
3813,0.001238237
3444,0.001238237
3441,0.001238237
3812,0.001238237
3398,0.001238237
2721,0.001238237
152,0.001238237
1759,0.001238237
2732,0.001238237
2651,0.001238237
2767,0.001238237
44,0.001238237
34,0.001238237
32,0.001238237
929,0.001238237
1038,0.001238237
3839,0.001238237
864,0.001238237
866,0.001238237
3848,0.001238237
3844,0.001238237
3849,0.001238237
1711,0.001238237
147,0.001238237
679,0.001238237
151,0.001238237
1697,0.001238237
1792,0.001238237
1777,0.001238237
649,0.001238237
1203,0.001238237
3059,0.001238237
3787,0.001238237
3805,0.001238237
3806,0.001238237
86,0.001238237
533,0.001238237
872,0.001238237
759,0.001238237
3317,0.001238237
3632,0.001238237
1168,0.001238237
594,0.001238237
2422,0.001238237
761,0.001238237
610,0.001238237
8,0.001238237
3988,0.001238237
6,0.001238237
1403,0.001238237
4003,0.001238237
1147,0.001238237
593,0.001238237
3217,0.001238237
229,0.001238237
1133,0.001238237
791,0.001238237
3652,0.001238237
1162,0.001238237
3682,0.001238237
1058,0.001238237
2671,0.001238237
2388,0.001238237
3665,0.001238237
102,0.001238237
219,0.001238237
365,0.001238237
464,0.001238237
3626,0.001238237
825,0.001238237
3530,0.001238237
2041,0.001238237
621,0.001238237
3147,0.001238237
3712,0.001238237
1264,0.001238237
1263,0.001238237
796,0.001238237
1240,0.001238237
1486,0.001238237
3504,0.001238237
3745,0.001238237
3749,0.001238237
3755,0.001238237
1797,0.001238237
3131,0.001238237
2321,0.001238237
3489,0.001238237
3091,0.001238237
1057,0.001238237
2692,0.001238237
1295,0.000990589
3477,0.000990589
910,0.000990589
3074,0.000990589
1776,0.000990589
3447,0.000990589
3457,0.000990589
3044,0.000990589
3461,0.000990589
868,0.000990589
811,0.000990589
83,0.000990589
2736,0.000990589
1506,0.000990589
46,0.000990589
873,0.000990589
3834,0.000990589
2776,0.000990589
453,0.000990589
1510,0.000990589
865,0.000990589
867,0.000990589
735,0.000990589
1022,0.000990589
700,0.000990589
3890,0.000990589
1657,0.000990589
1651,0.000990589
2204,0.000990589
3893,0.000990589
1937,0.000990589
3865,0.000990589
166,0.000990589
704,0.000990589
174,0.000990589
832,0.000990589
2893,0.000990589
3939,0.000990589
498,0.000990589
3965,0.000990589
2219,0.000990589
1220,0.000990589
3954,0.000990589
3952,0.000990589
858,0.000990589
3970,0.000990589
3936,0.000990589
1607,0.000990589
3910,0.000990589
945,0.000990589
671,0.000990589
2580,0.000990589
2256,0.000990589
340,0.000990589
1498,0.000990589
3742,0.000990589
338,0.000990589
885,0.000990589
3127,0.000990589
202,0.000990589
3290,0.000990589
3003,0.000990589
2885,0.000990589
3771,0.000990589
296,0.000990589
887,0.000990589
893,0.000990589
894,0.000990589
895,0.000990589
427,0.000990589
788,0.000990589
790,0.000990589
1856,0.000990589
757,0.000990589
2358,0.000990589
1855,0.000990589
110,0.000990589
802,0.000990589
1476,0.000990589
3724,0.000990589
300,0.000990589
349,0.000990589
384,0.000990589
3544,0.000990589
250,0.000990589
371,0.000990589
3494,0.000990589
3765,0.000990589
192,0.000990589
193,0.000990589
884,0.000990589
2493,0.000990589
2441,0.000990589
3310,0.000990589
2375,0.000990589
1442,0.000990589
1354,0.000990589
3565,0.000990589
3305,0.000990589
1105,0.000990589
1455,0.000990589
3661,0.000990589
3660,0.000990589
3653,0.000990589
552,0.000990589
3175,0.000990589
3161,0.000990589
3678,0.000990589
3322,0.000990589
235,0.000990589
3227,0.000990589
1157,0.000990589
2431,0.000990589
2437,0.000990589
1346,0.000990589
3600,0.000990589
124,0.000990589
3606,0.000990589
3216,0.000990589
572,0.000990589
1383,0.000990589
307,0.000990589
2971,0.000990589
1417,0.000990589
767,0.000990589
3977,0.000990589
4025,0.000990589
4016,0.000990589
3955,0.000742942
3953,0.000742942
3946,0.000742942
3990,0.000742942
987,0.000742942
1586,0.000742942
1627,0.000742942
3925,0.000742942
63,0.000742942
61,0.000742942
51,0.000742942
49,0.000742942
1194,0.000742942
1200,0.000742942
4037,0.000742942
4033,0.000742942
2565,0.000742942
499,0.000742942
485,0.000742942
264,0.000742942
2922,0.000742942
190,0.000742942
721,0.000742942
3560,0.000742942
1151,0.000742942
673,0.000742942
652,0.000742942
656,0.000742942
120,0.000742942
164,0.000742942
2980,0.000742942
1002,0.000742942
667,0.000742942
3432,0.000742942
467,0.000742942
1579,0.000742942
3901,0.000742942
3897,0.000742942
2621,0.000742942
3637,0.000742942
3575,0.000742942
1253,0.000742942
95,0.000742942
269,0.000742942
3882,0.000742942
2808,0.000742942
1693,0.000742942
1546,0.000742942
1713,0.000742942
2792,0.000742942
717,0.000742942
2774,0.000742942
112,0.000742942
1353,0.000742942
288,0.000742942
3323,0.000742942
2442,0.000742942
1760,0.000742942
1031,0.000742942
904,0.000742942
245,0.000742942
3424,0.000742942
283,0.000742942
899,0.000742942
3816,0.000742942
3801,0.000742942
2838,0.000742942
157,0.000742942
155,0.000742942
660,0.000742942
2178,0.000742942
2168,0.000742942
3375,0.000742942
3372,0.000742942
3467,0.000742942
294,0.000742942
3694,0.000742942
3691,0.000742942
3689,0.000742942
3686,0.000742942
327,0.000742942
3676,0.000742942
2167,0.000742942
2714,0.000742942
3781,0.000742942
1071,0.000742942
208,0.000742942
2106,0.000742942
785,0.000742942
201,0.000742942
240,0.000742942
1969,0.000742942
2505,0.000742942
1996,0.000742942
3121,0.000742942
3733,0.000742942
1046,0.000742942
386,0.000742942
3370,0.000742942
301,0.000742942
289,0.000742942
3537,0.000742942
253,0.000742942
2015,0.000742942
3992,0.000742942
3991,0.000742942
3978,0.000742942
4007,0.000742942
3985,0.000742942
3996,0.000742942
3999,0.000495295
3983,0.000495295
1224,0.000495295
2541,0.000495295
160,0.000495295
71,0.000495295
4028,0.000495295
4006,0.000495295
70,0.000495295
379,0.000495295
247,0.000495295
2691,0.000495295
2483,0.000495295
241,0.000495295
2481,0.000495295
3744,0.000495295
293,0.000495295
3704,0.000495295
3699,0.000495295
337,0.000495295
3717,0.000495295
3942,0.000495295
351,0.000495295
642,0.000495295
530,0.000495295
3688,0.000495295
1854,0.000495295
321,0.000495295
3795,0.000495295
1034,0.000495295
2814,0.000495295
154,0.000495295
244,0.000495295
406,0.000495295
81,0.000495295
3413,0.000495295
282,0.000495295
279,0.000495295
1755,0.000495295
3811,0.000495295
1474,0.000495295
2722,0.000495295
207,0.000495295
153,0.000495295
1065,0.000495295
3673,0.000495295
3407,0.000495295
1208,0.000495295
749,0.000495295
744,0.000495295
138,0.000495295
216,0.000495295
97,0.000495295
562,0.000495295
3922,0.000495295
191,0.000495295
448,0.000495295
996,0.000495295
699,0.000495295
468,0.000495295
852,0.000495295
841,0.000495295
851,0.000495295
2963,0.000495295
228,0.000495295
3271,0.000495295
234,0.000495295
233,0.000495295
2975,0.000495295
4011,0.000495295
571,0.000495295
3282,0.000495295
1176,0.000495295
1394,0.000495295
3619,0.000495295
52,0.000495295
3959,0.000495295
3928,0.000495295
2857,0.000495295
2855,0.000495295
2952,0.000495295
262,0.000495295
4036,0.000495295
4032,0.000495295
1252,0.000495295
854,0.000495295
855,0.000495295
316,0.000495295
648,0.000495295
205,0.000495295
1690,0.000495295
2527,0.000495295
1558,0.000495295
3885,0.000495295
3879,0.000495295
3875,0.000495295
270,0.000495295
1430,0.000495295
1362,0.000495295
3588,0.000495295
3582,0.000495295
3006,0.000495295
3846,0.000495295
145,0.000495295
35,0.000495295
3037,0.000495295
1233,0.000495295
1967,0.000495295
183,0.000495295
182,0.000495295
2382,0.000495295
2380,0.000495295
220,0.000495295
581,0.000495295
1326,0.000495295
1027,0.000495295
1762,0.000495295
74,0.000247647
76,0.000247647
1262,0.000247647
4008,0.000247647
4010,0.000247647
775,0.000247647
125,0.000247647
2860,0.000247647
3570,0.000247647
335,0.000247647
215,0.000247647
918,0.000247647
3856,0.000247647
2798,0.000247647
47,0.000247647
255,0.000247647
877,0.000247647
892,0.000247647
3453,0.000247647
1206,0.000247647
1270,0.000247647
411,0.000247647
206,0.000247647
750,0.000247647
608,0.000247647
3143,0.000247647
3071,0.000247647
1096,0.000247647
401,0.000247647
1119,0.000247647
891,0.000247647
286,0.000247647
3808,0.000247647
287,0.000247647
3451,0.000247647
743,0.000247647
2740,0.000247647
613,0.000247647
4022,0.000247647
4005,0.000247647
4012,0.000247647
4029,0.000247647
3974,0.000247647
4024,0.000247647
3987,0.000247647
4015,0.000247647
4001,0.000247647
3984,0.000247647
1834,0.000247647
15,0.000247647
3709,0.000247647
883,0.000247647
2470,0.000247647
3134,0.000247647
336,0.000247647
3732,0.000247647
3729,0.000247647
1466,0.000247647
292,0.000247647
3746,0.000247647
358,0.000247647
383,0.000247647
356,0.000247647
624,0.000247647
911,0.000247647
3807,0.000247647
607,0.000247647
11,0.000247647
3230,0.000247647
4035,0.000247647
305,0.000247647
4034,0.000247647
692,0.000247647
668,0.000247647
3597,0.000247647
875,0.000247647
1581,0.000247647
443,0.000247647
2788,0.000247647
179,0.000247647
674,0.000247647
1386,0.000247647
210,0.000247647
1276,0.000247647
42,0.000247647
37,0.000247647
3031,0.000247647
3820,0.000247647
801,0.000247647
3183,0.000247647
454,0.000247647
1560,0.000247647
3854,0.000247647
3650,0.000247647
43,0.000247647
2079,0.000247647
3268,0.000247647
2842,0.000247647
550,0.000247647
1145,0.000247647
18,0.000247647
1395,0.000247647
256,0.000247647
859,0.000247647
2596,0.000247647
2269,0.000247647
2195,0.000247647
267,0.000247647
447,0.000247647
3748,0
377,0
2457,0
209,0
3408,0
638,0
90,0
3798,0
2704,0
602,0
3125,0
585,0
33,0
3853,0
3589,0
2998,0
860,0
2595,0
2569,0
114,0
12,0
3935,0
