Node,Community_Louvain
0,0
1,0
2,0
3,0
4,0
5,0
6,0
7,0
8,0
9,0
10,0
11,0
12,1
13,0
14,0
15,0
16,0
17,0
18,0
19,0
20,0
21,0
22,0
23,0
24,0
25,0
26,0
27,0
28,0
29,0
30,0
31,0
32,0
33,2
34,3
35,0
36,0
37,0
38,0
39,0
40,0
41,0
42,0
43,0
44,0
45,0
46,0
47,0
48,0
49,0
50,0
51,0
52,0
53,0
54,0
55,0
56,0
57,0
58,4
59,0
60,0
61,0
62,0
63,0
64,0
65,0
66,0
67,0
68,0
69,0
70,0
71,0
72,0
73,0
74,0
75,0
76,0
77,0
78,0
79,0
80,0
81,0
82,0
83,0
84,0
85,0
86,0
87,0
88,0
89,0
90,5
91,0
92,0
93,0
94,0
95,0
96,0
97,0
98,0
99,0
100,0
101,0
102,0
103,0
104,0
105,0
106,0
107,12
108,0
109,0
110,0
111,0
112,0
113,0
114,7
115,0
116,0
117,0
118,0
119,0
120,0
121,0
122,0
123,0
124,0
125,0
126,0
127,0
128,0
129,0
130,0
131,0
132,0
133,0
134,0
135,0
136,8
137,0
138,0
139,0
140,0
141,0
142,0
143,0
144,0
145,0
146,0
147,0
148,0
149,0
150,0
151,0
152,0
153,0
154,0
155,0
156,0
157,0
158,0
159,0
160,0
161,0
162,0
163,0
164,0
165,0
166,3
167,0
168,0
169,0
170,0
171,4
172,0
173,3
174,0
175,0
176,0
177,0
178,0
179,0
180,0
181,0
182,0
183,0
184,0
185,0
186,0
187,0
188,0
189,0
190,0
191,0
192,0
193,0
194,0
195,0
196,0
197,0
198,3
199,0
200,0
201,0
202,3
203,0
204,0
205,0
206,0
207,0
208,0
209,9
210,0
211,0
212,0
213,0
214,0
215,0
216,0
217,0
218,0
219,0
220,0
221,0
222,0
223,0
224,0
225,0
226,0
227,0
228,0
229,0
230,0
231,0
232,0
233,0
234,0
235,0
236,0
237,0
238,0
239,0
240,0
241,0
242,0
243,0
244,0
245,0
246,0
247,0
248,0
249,0
250,0
251,0
252,0
253,0
254,0
255,0
256,0
257,0
258,0
259,0
260,0
261,0
262,0
263,0
264,0
265,0
266,0
267,0
268,0
269,0
270,0
271,0
272,0
273,0
274,0
275,0
276,0
277,0
278,0
279,0
280,0
281,0
282,0
283,0
284,0
285,0
286,0
287,0
288,0
289,0
290,0
291,0
292,0
293,0
294,0
295,0
296,0
297,0
298,0
299,0
300,0
301,0
302,0
303,0
304,0
305,0
306,0
307,0
308,0
309,0
310,0
311,0
312,0
313,0
314,0
315,0
316,0
317,0
318,0
319,0
320,0
321,0
322,0
323,0
324,0
325,0
326,0
327,0
328,0
329,0
330,0
331,0
332,0
333,0
334,0
335,0
336,0
337,0
338,0
339,0
340,0
341,0
342,0
343,0
344,0
345,0
346,0
347,0
348,3
349,3
350,3
351,3
352,3
353,3
354,3
355,3
356,3
357,3
358,3
359,3
360,3
361,3
362,3
363,3
364,3
365,3
366,3
367,3
368,3
369,3
370,3
371,3
372,3
373,3
374,3
375,3
376,3
377,17
378,3
379,3
380,3
381,3
382,3
383,3
384,3
385,3
386,3
387,3
388,3
389,10
390,3
391,3
392,3
393,3
394,3
395,3
396,3
397,3
398,3
399,3
400,3
401,3
402,3
403,3
404,3
405,3
406,3
407,3
408,3
409,3
410,3
411,3
412,3
413,3
414,3
415,3
416,3
417,3
418,3
419,3
420,3
421,3
422,3
423,3
424,3
425,3
426,3
427,3
428,3
429,3
430,3
431,3
432,3
433,3
434,3
435,3
436,3
437,3
438,3
439,3
440,3
441,3
442,3
443,3
444,3
445,3
446,3
447,3
448,3
449,3
450,3
451,3
452,3
453,3
454,3
455,3
456,3
457,3
458,3
459,3
460,3
461,3
462,3
463,3
464,3
465,3
466,3
467,3
468,3
469,3
470,3
471,3
472,3
473,3
474,3
475,3
476,3
477,3
478,3
479,3
480,3
481,3
482,3
483,3
484,3
485,3
486,3
487,3
488,3
489,3
490,3
491,3
492,3
493,3
494,3
495,3
496,3
497,3
498,3
499,3
500,3
501,3
502,3
503,3
504,3
505,3
506,3
507,3
508,3
509,3
510,3
511,3
512,3
513,3
514,3
515,3
516,3
517,3
518,3
519,3
520,3
521,3
522,3
523,3
524,3
525,3
526,12
527,3
528,3
529,3
530,3
531,3
532,3
533,3
534,3
535,3
536,3
537,3
538,3
539,3
540,3
541,3
542,3
543,3
544,3
545,3
546,3
547,3
548,3
549,3
550,3
551,3
552,3
553,3
554,3
555,3
556,3
557,3
558,3
559,3
560,3
561,3
562,3
563,3
564,3
565,3
566,3
567,3
568,3
569,3
570,3
571,3
572,3
573,3
574,3
575,3
576,18
577,18
578,18
579,3
580,3
581,3
582,18
583,18
584,3
585,19
586,3
587,3
588,3
589,3
590,3
591,3
592,3
593,3
594,3
595,18
596,3
597,3
598,3
599,18
600,18
601,3
602,20
603,3
604,3
605,3
606,3
607,3
608,3
609,3
610,3
611,3
612,3
613,3
614,3
615,18
616,3
617,3
618,3
619,3
620,3
621,3
622,3
623,3
624,3
625,3
626,3
627,18
628,18
629,3
630,3
631,3
632,18
633,3
634,3
635,18
636,3
637,3
638,21
639,3
640,18
641,3
642,3
643,18
644,3
645,3
646,3
647,18
648,3
649,3
650,18
651,3
652,3
653,3
654,3
655,3
656,3
657,3
658,18
659,18
660,3
661,18
662,18
663,3
664,3
665,18
666,3
667,3
668,3
669,3
670,18
671,3
672,3
673,3
674,3
675,18
676,3
677,3
678,3
679,3
680,3
681,18
682,3
683,3
684,3
685,3
686,23
687,23
688,23
689,23
690,23
691,23
692,23
693,23
694,23
695,23
696,23
697,23
698,23
699,23
700,23
701,23
702,23
703,23
704,23
705,23
706,23
707,23
708,23
709,23
710,23
711,23
712,23
713,23
714,23
715,23
716,23
717,23
718,23
719,23
720,23
721,23
722,23
723,23
724,23
725,23
726,23
727,23
728,23
729,23
730,23
731,23
732,23
733,23
734,23
735,23
736,23
737,23
738,23
739,23
740,23
741,23
742,23
743,23
744,23
745,23
746,23
747,23
748,23
749,23
750,23
751,23
752,23
753,23
754,23
755,23
756,23
757,23
758,23
759,23
760,23
761,23
762,23
763,23
764,23
765,23
766,23
767,23
768,23
769,23
770,23
771,23
772,23
773,23
774,23
775,23
776,23
777,23
778,23
779,23
780,23
781,23
782,23
783,23
784,23
785,23
786,23
787,23
788,23
789,23
790,23
791,23
792,23
793,23
794,23
795,23
796,23
797,23
798,23
799,23
800,23
801,23
802,23
803,23
804,23
805,23
806,23
807,23
808,23
809,23
810,23
811,23
812,23
813,23
814,23
815,23
816,23
817,23
818,23
819,23
820,23
821,23
822,23
823,23
824,23
825,23
826,23
827,23
828,23
829,23
830,23
831,23
832,23
833,23
834,23
835,23
836,23
837,23
838,23
839,23
840,23
841,23
842,23
843,23
844,23
845,23
846,23
847,23
848,23
849,23
850,23
851,23
852,23
853,23
854,23
855,23
856,23
857,25
858,23
859,23
860,24
861,23
862,25
863,23
864,23
865,25
866,23
867,23
868,25
869,23
870,23
871,23
872,23
873,23
874,23
875,23
876,23
877,23
878,23
879,23
880,23
881,23
882,23
883,23
884,23
885,23
886,23
887,23
888,23
889,23
890,23
891,23
892,23
893,23
894,23
895,23
896,10
897,12
898,10
899,12
900,11
901,11
902,10
903,11
904,12
905,3
906,12
907,12
908,11
909,11
910,3
911,12
912,3
913,10
914,10
915,3
916,12
917,10
918,12
919,10
920,12
921,12
922,12
923,12
924,10
925,12
926,12
927,12
928,11
929,12
930,3
931,3
932,12
933,10
934,12
935,10
936,3
937,10
938,11
939,3
940,10
941,10
942,10
943,10
944,10
945,10
946,12
947,12
948,3
949,10
950,11
951,11
952,12
953,12
954,10
955,11
956,11
957,10
958,11
959,12
960,12
961,12
962,3
963,11
964,10
965,10
966,12
967,12
968,10
969,10
970,11
971,10
972,12
973,12
974,10
975,10
976,3
977,10
978,12
979,11
980,12
981,10
982,12
983,12
984,10
985,10
986,10
987,11
988,10
989,10
990,4
991,12
992,11
993,12
994,10
995,12
996,12
997,12
998,12
999,12
1000,10
1001,3
1002,12
1003,12
1004,12
1005,10
1006,12
1007,10
1008,12
1009,10
1010,10
1011,10
1012,3
1013,10
1014,10
1015,10
1016,11
1017,12
1018,10
1019,10
1020,10
1021,10
1022,12
1023,11
1024,12
1025,3
1026,12
1027,12
1028,12
1029,12
1030,11
1031,12
1032,10
1033,11
1034,12
1035,10
1036,10
1037,10
1038,12
1039,12
1040,12
1041,10
1042,10
1043,11
1044,10
1045,11
1046,10
1047,12
1048,12
1049,12
1050,12
1051,10
1052,10
1053,11
1054,12
1055,12
1056,12
1057,10
1058,12
1059,12
1060,10
1061,11
1062,10
1063,12
1064,3
1065,10
1066,10
1067,10
1068,12
1069,12
1070,10
1071,12
1072,10
1073,11
1074,12
1075,12
1076,12
1077,12
1078,12
1079,12
1080,3
1081,10
1082,10
1083,12
1084,12
1085,25
1086,12
1087,12
1088,11
1089,10
1090,10
1091,12
1092,12
1093,10
1094,3
1095,3
1096,12
1097,11
1098,11
1099,10
1100,10
1101,12
1102,10
1103,10
1104,10
1105,12
1106,10
1107,12
1108,10
1109,10
1110,12
1111,11
1112,12
1113,3
1114,3
1115,10
1116,12
1117,12
1118,11
1119,12
1120,10
1121,10
1122,3
1123,12
1124,12
1125,12
1126,12
1127,10
1128,12
1129,10
1130,12
1131,10
1132,12
1133,12
1134,10
1135,12
1136,11
1137,11
1138,11
1139,10
1140,4
1141,10
1142,3
1143,10
1144,11
1145,12
1146,12
1147,10
1148,10
1149,12
1150,12
1151,12
1152,10
1153,12
1154,3
1155,3
1156,12
1157,12
1158,10
1159,10
1160,12
1161,12
1162,12
1163,12
1164,12
1165,12
1166,10
1167,10
1168,10
1169,10
1170,10
1171,4
1172,12
1173,12
1174,11
1175,12
1176,10
1177,11
1178,12
1179,3
1180,12
1181,12
1182,12
1183,10
1184,12
1185,12
1186,11
1187,11
1188,10
1189,10
1190,10
1191,12
1192,10
1193,4
1194,10
1195,12
1196,12
1197,11
1198,12
1199,12
1200,12
1201,12
1202,12
1203,11
1204,10
1205,12
1206,12
1207,12
1208,12
1209,12
1210,3
1211,12
1212,3
1213,10
1214,12
1215,10
1216,11
1217,10
1218,11
1219,12
1220,12
1221,10
1222,12
1223,3
1224,12
1225,10
1226,10
1227,10
1228,10
1229,10
1230,12
1231,10
1232,11
1233,3
1234,3
1235,10
1236,10
1237,3
1238,12
1239,12
1240,12
1241,10
1242,12
1243,12
1244,10
1245,10
1246,10
1247,10
1248,10
1249,10
1250,12
1251,11
1252,11
1253,12
1254,11
1255,12
1256,12
1257,10
1258,10
1259,10
1260,10
1261,10
1262,12
1263,12
1264,10
1265,12
1266,12
1267,12
1268,10
1269,12
1270,12
1271,12
1272,12
1273,10
1274,11
1275,10
1276,12
1277,10
1278,12
1279,10
1280,12
1281,10
1282,10
1283,12
1284,10
1285,12
1286,10
1287,12
1288,12
1289,12
1290,12
1291,12
1292,10
1293,12
1294,3
1295,3
1296,10
1297,4
1298,10
1299,10
1300,3
1301,12
1302,12
1303,10
1304,10
1305,12
1306,10
1307,11
1308,10
1309,10
1310,10
1311,10
1312,12
1313,3
1314,11
1315,10
1316,10
1317,12
1318,3
1319,11
1320,3
1321,12
1322,10
1323,12
1324,10
1325,11
1326,12
1327,12
1328,11
1329,12
1330,12
1331,12
1332,3
1333,11
1334,12
1335,12
1336,12
1337,12
1338,10
1339,12
1340,12
1341,12
1342,3
1343,10
1344,12
1345,10
1346,12
1347,10
1348,10
1349,3
1350,10
1351,12
1352,12
1353,12
1354,10
1355,10
1356,3
1357,3
1358,3
1359,12
1360,11
1361,12
1362,10
1363,11
1364,10
1365,12
1366,10
1367,12
1368,11
1369,12
1370,12
1371,11
1372,3
1373,10
1374,3
1375,12
1376,12
1377,12
1378,11
1379,10
1380,12
1381,10
1382,10
1383,12
1384,11
1385,10
1386,12
1387,4
1388,12
1389,12
1390,12
1391,12
1392,10
1393,12
1394,12
1395,12
1396,10
1397,3
1398,12
1399,12
1400,3
1401,12
1402,12
1403,11
1404,10
1405,4
1406,10
1407,12
1408,3
1409,12
1410,11
1411,12
1412,10
1413,10
1414,10
1415,10
1416,12
1417,10
1418,10
1419,12
1420,12
1421,11
1422,3
1423,10
1424,11
1425,3
1426,10
1427,3
1428,10
1429,10
1430,3
1431,12
1432,10
1433,11
1434,12
1435,10
1436,10
1437,12
1438,10
1439,12
1440,12
1441,12
1442,12
1443,3
1444,10
1445,11
1446,3
1447,12
1448,10
1449,12
1450,4
1451,10
1452,11
1453,3
1454,10
1455,3
1456,12
1457,12
1458,12
1459,10
1460,12
1461,12
1462,10
1463,12
1464,3
1465,8
1466,12
1467,12
1468,11
1469,10
1470,12
1471,12
1472,10
1473,10
1474,10
1475,10
1476,12
1477,4
1478,3
1479,10
1480,12
1481,10
1482,10
1483,12
1484,12
1485,12
1486,4
1487,3
1488,12
1489,10
1490,3
1491,12
1492,10
1493,11
1494,11
1495,10
1496,10
1497,12
1498,12
1499,11
1500,10
1501,12
1502,10
1503,10
1504,10
1505,4
1506,3
1507,10
1508,10
1509,12
1510,10
1511,11
1512,3
1513,12
1514,3
1515,10
1516,12
1517,12
1518,12
1519,12
1520,12
1521,12
1522,12
1523,12
1524,12
1525,10
1526,3
1527,12
1528,12
1529,10
1530,12
1531,10
1532,12
1533,11
1534,4
1535,12
1536,10
1537,12
1538,12
1539,12
1540,12
1541,10
1542,12
1543,3
1544,12
1545,3
1546,11
1547,12
1548,11
1549,3
1550,10
1551,12
1552,12
1553,12
1554,12
1555,11
1556,12
1557,12
1558,12
1559,12
1560,12
1561,12
1562,11
1563,12
1564,12
1565,3
1566,3
1567,11
1568,11
1569,10
1570,12
1571,12
1572,12
1573,10
1574,3
1575,10
1576,10
1577,8
1578,10
1579,11
1580,12
1581,12
1582,10
1583,10
1584,12
1585,12
1586,10
1587,10
1588,11
1589,12
1590,12
1591,10
1592,10
1593,11
1594,12
1595,10
1596,10
1597,12
1598,12
1599,3
1600,12
1601,11
1602,3
1603,12
1604,12
1605,12
1606,3
1607,10
1608,12
1609,12
1610,12
1611,10
1612,12
1613,12
1614,12
1615,11
1616,3
1617,12
1618,12
1619,12
1620,12
1621,12
1622,12
1623,12
1624,10
1625,3
1626,12
1627,12
1628,10
1629,11
1630,10
1631,3
1632,12
1633,10
1634,10
1635,10
1636,10
1637,12
1638,10
1639,12
1640,10
1641,12
1642,4
1643,12
1644,12
1645,3
1646,12
1647,10
1648,11
1649,10
1650,10
1651,12
1652,12
1653,12
1654,3
1655,10
1656,4
1657,3
1658,10
1659,12
1660,3
1661,10
1662,12
1663,12
1664,10
1665,12
1666,4
1667,10
1668,12
1669,12
1670,12
1671,3
1672,10
1673,3
1674,12
1675,12
1676,11
1677,3
1678,12
1679,3
1680,10
1681,10
1682,10
1683,12
1684,4
1685,12
1686,10
1687,11
1688,12
1689,12
1690,10
1691,10
1692,3
1693,12
1694,3
1695,3
1696,3
1697,12
1698,11
1699,10
1700,12
1701,12
1702,12
1703,10
1704,10
1705,11
1706,10
1707,12
1708,11
1709,10
1710,12
1711,12
1712,12
1713,10
1714,12
1715,10
1716,10
1717,12
1718,8
1719,11
1720,10
1721,12
1722,12
1723,12
1724,12
1725,10
1726,4
1727,10
1728,10
1729,10
1730,12
1731,12
1732,10
1733,11
1734,12
1735,12
1736,12
1737,12
1738,10
1739,10
1740,3
1741,12
1742,10
1743,3
1744,3
1745,10
1746,12
1747,11
1748,10
1749,10
1750,12
1751,10
1752,12
1753,12
1754,12
1755,10
1756,10
1757,12
1758,4
1759,10
1760,12
1761,12
1762,3
1763,3
1764,10
1765,12
1766,3
1767,3
1768,12
1769,12
1770,10
1771,12
1772,12
1773,3
1774,12
1775,12
1776,3
1777,3
1778,3
1779,12
1780,12
1781,10
1782,12
1783,10
1784,11
1785,10
1786,10
1787,11
1788,11
1789,12
1790,3
1791,12
1792,4
1793,12
1794,10
1795,12
1796,12
1797,12
1798,11
1799,12
1800,12
1801,3
1802,11
1803,11
1804,12
1805,12
1806,11
1807,10
1808,3
1809,12
1810,12
1811,12
1812,10
1813,12
1814,10
1815,10
1816,12
1817,12
1818,10
1819,12
1820,10
1821,12
1822,12
1823,12
1824,10
1825,11
1826,12
1827,12
1828,10
1829,3
1830,10
1831,3
1832,12
1833,12
1834,12
1835,12
1836,12
1837,11
1838,12
1839,12
1840,10
1841,10
1842,12
1843,12
1844,3
1845,12
1846,12
1847,10
1848,10
1849,12
1850,10
1851,12
1852,12
1853,3
1854,12
1855,10
1856,12
1857,10
1858,12
1859,10
1860,12
1861,12
1862,10
1863,12
1864,12
1865,12
1866,11
1867,12
1868,12
1869,10
1870,3
1871,10
1872,10
1873,10
1874,12
1875,10
1876,10
1877,12
1878,3
1879,12
1880,11
1881,3
1882,3
1883,12
1884,10
1885,12
1886,12
1887,10
1888,12
1889,11
1890,12
1891,12
1892,11
1893,10
1894,10
1895,11
1896,11
1897,10
1898,12
1899,10
1900,12
1901,3
1902,12
1903,10
1904,10
1905,12
1906,10
1907,10
1908,11
1909,12
1910,3
1911,12
1912,8
1913,8
1914,14
1915,8
1916,8
1917,15
1918,15
1919,14
1920,8
1921,14
1922,8
1923,8
1924,8
1925,15
1926,8
1927,14
1928,14
1929,15
1930,8
1931,14
1932,8
1933,8
1934,8
1935,14
1936,8
1937,8
1938,15
1939,8
1940,8
1941,8
1942,15
1943,15
1944,8
1945,8
1946,15
1947,8
1948,8
1949,8
1950,14
1951,14
1952,8
1953,15
1954,8
1955,8
1956,8
1957,14
1958,14
1959,8
1960,8
1961,8
1962,15
1963,15
1964,8
1965,8
1966,15
1967,3
1968,14
1969,8
1970,8
1971,15
1972,14
1973,14
1974,8
1975,8
1976,14
1977,8
1978,8
1979,15
1980,14
1981,8
1982,8
1983,15
1984,15
1985,15
1986,15
1987,8
1988,8
1989,15
1990,8
1991,14
1992,8
1993,15
1994,8
1995,14
1996,8
1997,15
1998,14
1999,14
2000,14
2001,14
2002,8
2003,8
2004,14
2005,15
2006,14
2007,8
2008,8
2009,14
2010,8
2011,14
2012,14
2013,14
2014,14
2015,8
2016,14
2017,8
2018,14
2019,15
2020,15
2021,15
2022,14
2023,8
2024,14
2025,14
2026,8
2027,14
2028,8
2029,8
2030,15
2031,8
2032,8
2033,15
2034,8
2035,8
2036,8
2037,15
2038,8
2039,8
2040,15
2041,8
2042,8
2043,15
2044,15
2045,15
2046,15
2047,8
2048,8
2049,8
2050,14
2051,8
2052,8
2053,8
2054,8
2055,15
2056,15
2057,8
2058,15
2059,15
2060,15
2061,14
2062,8
2063,15
2064,15
2065,8
2066,8
2067,15
2068,8
2069,15
2070,8
2071,8
2072,8
2073,15
2074,15
2075,8
2076,8
2077,15
2078,15
2079,8
2080,8
2081,8
2082,8
2083,15
2084,15
2085,8
2086,15
2087,8
2088,15
2089,8
2090,15
2091,8
2092,15
2093,15
2094,8
2095,15
2096,8
2097,14
2098,15
2099,8
2100,8
2101,8
2102,8
2103,15
2104,15
2105,8
2106,8
2107,8
2108,15
2109,15
2110,8
2111,8
2112,15
2113,8
2114,8
2115,15
2116,14
2117,8
2118,15
2119,8
2120,8
2121,15
2122,15
2123,15
2124,15
2125,8
2126,8
2127,8
2128,8
2129,8
2130,8
2131,15
2132,8
2133,8
2134,8
2135,8
2136,15
2137,8
2138,8
2139,15
2140,15
2141,8
2142,15
2143,8
2144,8
2145,8
2146,8
2147,15
2148,8
2149,8
2150,15
2151,8
2152,8
2153,8
2154,15
2155,8
2156,8
2157,14
2158,8
2159,14
2160,8
2161,8
2162,8
2163,8
2164,15
2165,15
2166,8
2167,8
2168,8
2169,8
2170,8
2171,14
2172,15
2173,8
2174,8
2175,8
2176,8
2177,8
2178,8
2179,15
2180,8
2181,8
2182,8
2183,8
2184,15
2185,8
2186,8
2187,8
2188,15
2189,8
2190,15
2191,8
2192,14
2193,8
2194,8
2195,8
2196,8
2197,8
2198,8
2199,8
2200,15
2201,15
2202,14
2203,8
2204,8
2205,8
2206,15
2207,8
2208,8
2209,8
2210,15
2211,8
2212,15
2213,15
2214,8
2215,8
2216,15
2217,8
2218,15
2219,8
2220,15
2221,8
2222,8
2223,8
2224,8
2225,14
2226,8
2227,8
2228,8
2229,15
2230,8
2231,8
2232,8
2233,15
2234,15
2235,8
2236,8
2237,15
2238,8
2239,8
2240,15
2241,8
2242,8
2243,8
2244,15
2245,8
2246,8
2247,8
2248,8
2249,8
2250,8
2251,8
2252,8
2253,15
2254,8
2255,8
2256,8
2257,15
2258,15
2259,8
2260,8
2261,15
2262,15
2263,8
2264,8
2265,8
2266,15
2267,8
2268,8
2269,8
2270,8
2271,15
2272,8
2273,8
2274,8
2275,15
2276,15
2277,8
2278,15
2279,8
2280,8
2281,8
2282,8
2283,8
2284,14
2285,8
2286,8
2287,15
2288,15
2289,8
2290,15
2291,8
2292,8
2293,8
2294,8
2295,8
2296,8
2297,14
2298,8
2299,15
2300,15
2301,8
2302,8
2303,15
2304,8
2305,8
2306,15
2307,15
2308,15
2309,15
2310,8
2311,15
2312,8
2313,8
2314,8
2315,8
2316,8
2317,8
2318,8
2319,8
2320,8
2321,8
2322,8
2323,15
2324,15
2325,8
2326,15
2327,8
2328,8
2329,15
2330,8
2331,15
2332,8
2333,8
2334,15
2335,8
2336,8
2337,14
2338,8
2339,15
2340,15
2341,8
2342,8
2343,8
2344,8
2345,8
2346,14
2347,15
2348,15
2349,8
2350,15
2351,8
2352,15
2353,15
2354,15
2355,8
2356,15
2357,8
2358,8
2359,15
2360,8
2361,8
2362,8
2363,15
2364,14
2365,14
2366,8
2367,8
2368,8
2369,15
2370,15
2371,8
2372,8
2373,8
2374,15
2375,8
2376,15
2377,8
2378,14
2379,8
2380,8
2381,15
2382,8
2383,15
2384,8
2385,8
2386,15
2387,15
2388,8
2389,8
2390,8
2391,15
2392,15
2393,15
2394,8
2395,15
2396,8
2397,8
2398,8
2399,8
2400,8
2401,8
2402,8
2403,8
2404,15
2405,8
2406,8
2407,15
2408,15
2409,15
2410,15
2411,8
2412,8
2413,8
2414,15
2415,8
2416,8
2417,8
2418,15
2419,8
2420,8
2421,8
2422,8
2423,15
2424,8
2425,8
2426,8
2427,15
2428,15
2429,15
2430,15
2431,8
2432,8
2433,15
2434,8
2435,14
2436,8
2437,8
2438,8
2439,8
2440,8
2441,8
2442,15
2443,15
2444,8
2445,8
2446,15
2447,14
2448,8
2449,15
2450,8
2451,8
2452,8
2453,8
2454,15
2455,8
2456,8
2457,31
2458,8
2459,14
2460,15
2461,8
2462,15
2463,8
2464,15
2465,8
2466,8
2467,15
2468,15
2469,15
2470,8
2471,8
2472,8
2473,8
2474,8
2475,8
2476,15
2477,15
2478,15
2479,8
2480,8
2481,8
2482,15
2483,8
2484,15
2485,15
2486,8
2487,8
2488,8
2489,15
2490,8
2491,8
2492,15
2493,8
2494,14
2495,15
2496,8
2497,8
2498,8
2499,15
2500,15
2501,8
2502,8
2503,8
2504,15
2505,8
2506,15
2507,15
2508,8
2509,8
2510,8
2511,8
2512,8
2513,8
2514,8
2515,8
2516,8
2517,8
2518,8
2519,8
2520,15
2521,15
2522,8
2523,8
2524,15
2525,8
2526,15
2527,8
2528,8
2529,8
2530,8
2531,8
2532,15
2533,8
2534,8
2535,8
2536,15
2537,8
2538,14
2539,15
2540,8
2541,8
2542,15
2543,15
2544,8
2545,15
2546,15
2547,8
2548,8
2549,15
2550,15
2551,15
2552,15
2553,15
2554,15
2555,8
2556,15
2557,8
2558,8
2559,15
2560,15
2561,15
2562,8
2563,15
2564,15
2565,8
2566,8
2567,8
2568,8
2569,32
2570,8
2571,8
2572,8
2573,15
2574,15
2575,15
2576,15
2577,8
2578,15
2579,15
2580,8
2581,8
2582,8
2583,14
2584,15
2585,14
2586,15
2587,8
2588,8
2589,8
2590,15
2591,15
2592,8
2593,15
2594,8
2595,33
2596,8
2597,8
2598,8
2599,8
2600,15
2601,15
2602,15
2603,8
2604,15
2605,8
2606,15
2607,15
2608,8
2609,8
2610,8
2611,15
2612,8
2613,15
2614,8
2615,15
2616,8
2617,8
2618,8
2619,15
2620,14
2621,8
2622,8
2623,15
2624,15
2625,15
2626,14
2627,14
2628,8
2629,8
2630,15
2631,15
2632,8
2633,14
2634,8
2635,8
2636,14
2637,8
2638,15
2639,14
2640,14
2641,8
2642,8
2643,8
2644,8
2645,14
2646,15
2647,14
2648,14
2649,8
2650,8
2651,8
2652,8
2653,8
2654,15
2655,15
2656,8
2657,14
2658,14
2659,14
2660,14
2661,4
2662,4
2663,26
2664,26
2665,4
2666,26
2667,4
2668,4
2669,26
2670,27
2671,4
2672,4
2673,26
2674,4
2675,4
2676,26
2677,4
2678,4
2679,26
2680,26
2681,26
2682,4
2683,26
2684,4
2685,4
2686,4
2687,4
2688,4
2689,26
2690,4
2691,4
2692,4
2693,4
2694,26
2695,26
2696,4
2697,4
2698,26
2699,27
2700,4
2701,4
2702,4
2703,27
2704,16
2705,26
2706,26
2707,4
2708,4
2709,4
2710,26
2711,4
2712,4
2713,4
2714,4
2715,4
2716,4
2717,26
2718,4
2719,4
2720,4
2721,4
2722,4
2723,4
2724,4
2725,4
2726,26
2727,4
2728,4
2729,26
2730,4
2731,26
2732,4
2733,4
2734,4
2735,4
2736,4
2737,4
2738,26
2739,4
2740,4
2741,26
2742,4
2743,26
2744,4
2745,26
2746,26
2747,4
2748,4
2749,26
2750,26
2751,4
2752,4
2753,4
2754,26
2755,26
2756,26
2757,26
2758,4
2759,26
2760,4
2761,26
2762,4
2763,26
2764,4
2765,4
2766,26
2767,27
2768,4
2769,26
2770,4
2771,4
2772,4
2773,26
2774,4
2775,4
2776,4
2777,26
2778,4
2779,4
2780,4
2781,4
2782,26
2783,4
2784,4
2785,4
2786,26
2787,4
2788,4
2789,26
2790,4
2791,4
2792,4
2793,4
2794,26
2795,4
2796,4
2797,4
2798,26
2799,4
2800,26
2801,4
2802,4
2803,4
2804,4
2805,26
2806,26
2807,26
2808,4
2809,26
2810,26
2811,4
2812,4
2813,4
2814,4
2815,26
2816,4
2817,4
2818,4
2819,4
2820,4
2821,26
2822,4
2823,4
2824,4
2825,4
2826,4
2827,26
2828,4
2829,4
2830,4
2831,4
2832,4
2833,4
2834,27
2835,26
2836,4
2837,26
2838,4
2839,26
2840,4
2841,4
2842,4
2843,4
2844,4
2845,4
2846,4
2847,4
2848,4
2849,4
2850,26
2851,26
2852,26
2853,4
2854,26
2855,4
2856,4
2857,4
2858,4
2859,4
2860,4
2861,4
2862,26
2863,4
2864,26
2865,4
2866,26
2867,26
2868,4
2869,4
2870,4
2871,4
2872,26
2873,26
2874,26
2875,4
2876,4
2877,26
2878,4
2879,27
2880,26
2881,4
2882,4
2883,4
2884,26
2885,4
2886,26
2887,26
2888,26
2889,27
2890,26
2891,26
2892,4
2893,4
2894,4
2895,4
2896,26
2897,26
2898,4
2899,26
2900,4
2901,4
2902,4
2903,4
2904,4
2905,26
2906,26
2907,26
2908,26
2909,26
2910,26
2911,26
2912,26
2913,26
2914,4
2915,26
2916,26
2917,26
2918,4
2919,26
2920,26
2921,4
2922,26
2923,4
2924,26
2925,26
2926,4
2927,26
2928,26
2929,26
2930,4
2931,26
2932,4
2933,26
2934,4
2935,26
2936,4
2937,4
2938,4
2939,4
2940,26
2941,4
2942,4
2943,26
2944,26
2945,26
2946,26
2947,4
2948,26
2949,26
2950,4
2951,4
2952,26
2953,26
2954,4
2955,4
2956,26
2957,4
2958,4
2959,27
2960,26
2961,26
2962,4
2963,26
2964,4
2965,4
2966,26
2967,26
2968,4
2969,26
2970,4
2971,4
2972,27
2973,4
2974,26
2975,4
2976,4
2977,26
2978,26
2979,4
2980,4
2981,26
2982,27
2983,26
2984,4
2985,26
2986,26
2987,26
2988,26
2989,4
2990,4
2991,4
2992,4
2993,26
2994,26
2995,4
2996,4
2997,26
2998,28
2999,4
3000,26
3001,4
3002,4
3003,4
3004,26
3005,4
3006,4
3007,4
3008,27
3009,4
3010,26
3011,4
3012,26
3013,4
3014,26
3015,4
3016,4
3017,4
3018,4
3019,4
3020,4
3021,4
3022,26
3023,26
3024,4
3025,26
3026,26
3027,4
3028,26
3029,26
3030,26
3031,4
3032,4
3033,26
3034,4
3035,4
3036,26
3037,4
3038,4
3039,4
3040,26
3041,4
3042,26
3043,4
3044,26
3045,26
3046,4
3047,26
3048,4
3049,4
3050,4
3051,4
3052,26
3053,4
3054,26
3055,4
3056,26
3057,4
3058,4
3059,26
3060,4
3061,4
3062,4
3063,26
3064,26
3065,26
3066,26
3067,4
3068,4
3069,4
3070,4
3071,4
3072,4
3073,26
3074,4
3075,4
3076,4
3077,4
3078,26
3079,4
3080,26
3081,4
3082,4
3083,26
3084,26
3085,26
3086,4
3087,4
3088,4
3089,4
3090,26
3091,4
3092,26
3093,4
3094,4
3095,26
3096,26
3097,4
3098,26
3099,4
3100,4
3101,4
3102,4
3103,4
3104,26
3105,4
3106,4
3107,4
3108,26
3109,4
3110,4
3111,4
3112,4
3113,4
3114,26
3115,4
3116,4
3117,26
3118,4
3119,26
3120,4
3121,4
3122,4
3123,26
3124,4
3125,29
3126,26
3127,4
3128,26
3129,26
3130,26
3131,4
3132,4
3133,4
3134,4
3135,26
3136,4
3137,26
3138,4
3139,26
3140,4
3141,4
3142,26
3143,26
3144,4
3145,4
3146,4
3147,4
3148,4
3149,26
3150,4
3151,4
3152,4
3153,26
3154,4
3155,26
3156,4
3157,4
3158,26
3159,4
3160,4
3161,4
3162,4
3163,26
3164,4
3165,4
3166,26
3167,4
3168,4
3169,4
3170,4
3171,4
3172,4
3173,4
3174,26
3175,4
3176,4
3177,4
3178,4
3179,4
3180,4
3181,4
3182,4
3183,4
3184,26
3185,4
3186,4
3187,4
3188,4
3189,4
3190,4
3191,4
3192,4
3193,26
3194,4
3195,26
3196,4
3197,4
3198,4
3199,4
3200,4
3201,4
3202,26
3203,4
3204,4
3205,4
3206,4
3207,4
3208,4
3209,4
3210,4
3211,4
3212,4
3213,26
3214,4
3215,4
3216,4
3217,4
3218,4
3219,4
3220,26
3221,4
3222,4
3223,4
3224,4
3225,4
3226,26
3227,26
3228,26
3229,26
3230,4
3231,26
3232,26
3233,4
3234,26
3235,4
3236,4
3237,26
3238,26
3239,4
3240,4
3241,4
3242,4
3243,26
3244,4
3245,4
3246,4
3247,4
3248,4
3249,4
3250,26
3251,4
3252,4
3253,4
3254,4
3255,4
3256,4
3257,26
3258,4
3259,4
3260,4
3261,4
3262,4
3263,4
3264,4
3265,4
3266,4
3267,4
3268,4
3269,26
3270,4
3271,4
3272,4
3273,4
3274,4
3275,4
3276,4
3277,4
3278,4
3279,4
3280,4
3281,4
3282,4
3283,27
3284,26
3285,4
3286,26
3287,4
3288,4
3289,4
3290,4
3291,4
3292,4
3293,26
3294,26
3295,4
3296,4
3297,4
3298,4
3299,4
3300,26
3301,26
3302,4
3303,26
3304,26
3305,4
3306,4
3307,4
3308,4
3309,27
3310,26
3311,27
3312,4
3313,4
3314,27
3315,26
3316,4
3317,26
3318,27
3319,4
3320,4
3321,4
3322,26
3323,4
3324,26
3325,27
3326,4
3327,4
3328,4
3329,4
3330,4
3331,4
3332,4
3333,26
3334,4
3335,4
3336,26
3337,4
3338,4
3339,26
3340,4
3341,4
3342,4
3343,4
3344,4
3345,4
3346,4
3347,4
3348,26
3349,4
3350,4
3351,4
3352,4
3353,4
3354,4
3355,4
3356,4
3357,4
3358,4
3359,4
3360,4
3361,4
3362,26
3363,26
3364,26
3365,4
3366,4
3367,4
3368,26
3369,4
3370,4
3371,4
3372,4
3373,4
3374,4
3375,4
3376,4
3377,4
3378,4
3379,4
3380,4
3381,4
3382,27
3383,4
3384,26
3385,4
3386,4
3387,26
3388,26
3389,4
3390,26
3391,4
3392,26
3393,4
3394,26
3395,4
3396,4
3397,4
3398,4
3399,26
3400,26
3401,4
3402,4
3403,4
3404,4
3405,4
3406,4
3407,4
3408,30
3409,4
3410,4
3411,4
3412,4
3413,26
3414,26
3415,4
3416,4
3417,26
3418,4
3419,4
3420,4
3421,4
3422,4
3423,27
3424,4
3425,4
3426,26
3427,4
3428,26
3429,4
3430,26
3431,4
3432,4
3433,26
3434,4
3435,26
3436,26
3437,25
3438,25
3439,25
3440,25
3441,25
3442,25
3443,25
3444,25
3445,25
3446,25
3447,25
3448,25
3449,25
3450,25
3451,25
3452,25
3453,25
3454,25
3455,25
3456,25
3457,25
3458,25
3459,25
3460,25
3461,25
3462,25
3463,25
3464,25
3465,25
3466,25
3467,25
3468,25
3469,25
3470,25
3471,25
3472,25
3473,25
3474,25
3475,25
3476,25
3477,25
3478,25
3479,25
3480,25
3481,25
3482,25
3483,25
3484,25
3485,25
3486,25
3487,25
3488,25
3489,25
3490,25
3491,25
3492,25
3493,25
3494,25
3495,25
3496,25
3497,25
3498,25
3499,25
3500,25
3501,25
3502,25
3503,25
3504,25
3505,25
3506,25
3507,25
3508,25
3509,25
3510,25
3511,25
3512,25
3513,25
3514,25
3515,25
3516,25
3517,25
3518,25
3519,25
3520,25
3521,25
3522,25
3523,25
3524,25
3525,25
3526,25
3527,25
3528,25
3529,25
3530,25
3531,25
3532,25
3533,25
3534,25
3535,25
3536,25
3537,25
3538,25
3539,25
3540,25
3541,25
3542,25
3543,25
3544,25
3545,25
3546,25
3547,25
3548,25
3549,25
3550,25
3551,25
3552,25
3553,25
3554,25
3555,25
3556,25
3557,25
3558,25
3559,25
3560,25
3561,25
3562,25
3563,25
3564,25
3565,25
3566,25
3567,25
3568,25
3569,25
3570,25
3571,25
3572,25
3573,25
3574,25
3575,25
3576,25
3577,25
3578,25
3579,25
3580,25
3581,25
3582,25
3583,25
3584,25
3585,25
3586,25
3587,25
3588,25
3589,34
3590,25
3591,25
3592,25
3593,25
3594,25
3595,25
3596,25
3597,25
3598,25
3599,25
3600,25
3601,25
3602,25
3603,25
3604,25
3605,25
3606,25
3607,25
3608,25
3609,25
3610,25
3611,25
3612,25
3613,25
3614,25
3615,25
3616,25
3617,25
3618,25
3619,25
3620,25
3621,25
3622,25
3623,25
3624,25
3625,25
3626,25
3627,25
3628,25
3629,25
3630,25
3631,25
3632,25
3633,25
3634,25
3635,25
3636,25
3637,25
3638,25
3639,25
3640,25
3641,25
3642,25
3643,25
3644,25
3645,25
3646,25
3647,25
3648,25
3649,25
3650,25
3651,25
3652,25
3653,25
3654,25
3655,25
3656,25
3657,25
3658,25
3659,25
3660,25
3661,25
3662,25
3663,25
3664,25
3665,25
3666,25
3667,25
3668,25
3669,25
3670,25
3671,25
3672,25
3673,25
3674,25
3675,25
3676,25
3677,25
3678,25
3679,25
3680,25
3681,25
3682,25
3683,25
3684,25
3685,25
3686,25
3687,25
3688,25
3689,25
3690,25
3691,25
3692,25
3693,25
3694,25
3695,25
3696,25
3697,25
3698,25
3699,25
3700,25
3701,25
3702,25
3703,25
3704,25
3705,25
3706,25
3707,25
3708,25
3709,25
3710,25
3711,25
3712,25
3713,25
3714,25
3715,25
3716,25
3717,25
3718,25
3719,25
3720,25
3721,25
3722,25
3723,25
3724,25
3725,25
3726,25
3727,25
3728,25
3729,25
3730,25
3731,25
3732,25
3733,25
3734,25
3735,25
3736,25
3737,25
3738,25
3739,25
3740,25
3741,25
3742,25
3743,25
3744,25
3745,25
3746,25
3747,25
3748,35
3749,25
3750,25
3751,25
3752,25
3753,25
3754,25
3755,25
3756,25
3757,25
3758,25
3759,25
3760,25
3761,25
3762,25
3763,25
3764,25
3765,25
3766,25
3767,25
3768,25
3769,25
3770,25
3771,25
3772,25
3773,25
3774,25
3775,25
3776,25
3777,25
3778,25
3779,25
3780,25
3781,25
3782,25
3783,25
3784,25
3785,25
3786,25
3787,25
3788,25
3789,25
3790,25
3791,25
3792,25
3793,25
3794,25
3795,25
3796,25
3797,25
3798,36
3799,25
3800,25
3801,25
3802,25
3803,25
3804,25
3805,25
3806,25
3807,25
3808,25
3809,25
3810,25
3811,25
3812,25
3813,25
3814,25
3815,25
3816,25
3817,25
3818,25
3819,25
3820,25
3821,25
3822,25
3823,25
3824,25
3825,25
3826,25
3827,25
3828,25
3829,25
3830,25
3831,25
3832,25
3833,25
3834,25
3835,25
3836,25
3837,25
3838,25
3839,25
3840,25
3841,25
3842,25
3843,25
3844,25
3845,25
3846,25
3847,25
3848,25
3849,25
3850,25
3851,25
3852,25
3853,13
3854,25
3855,25
3856,25
3857,25
3858,25
3859,25
3860,25
3861,25
3862,25
3863,25
3864,25
3865,25
3866,25
3867,25
3868,25
3869,25
3870,25
3871,25
3872,25
3873,25
3874,25
3875,25
3876,25
3877,25
3878,25
3879,25
3880,25
3881,25
3882,25
3883,25
3884,25
3885,25
3886,25
3887,25
3888,25
3889,25
3890,25
3891,25
3892,25
3893,25
3894,25
3895,25
3896,25
3897,25
3898,25
3899,25
3900,25
3901,25
3902,25
3903,25
3904,25
3905,25
3906,25
3907,25
3908,25
3909,25
3910,25
3911,25
3912,25
3913,25
3914,25
3915,25
3916,25
3917,25
3918,25
3919,25
3920,25
3921,25
3922,25
3923,25
3924,25
3925,25
3926,25
3927,25
3928,25
3929,25
3930,25
3931,25
3932,25
3933,25
3934,25
3935,6
3936,25
3937,25
3938,25
3939,25
3940,25
3941,25
3942,25
3943,25
3944,25
3945,25
3946,25
3947,25
3948,25
3949,25
3950,25
3951,25
3952,25
3953,25
3954,25
3955,25
3956,25
3957,25
3958,25
3959,25
3960,25
3961,25
3962,25
3963,25
3964,25
3965,25
3966,25
3967,25
3968,25
3969,25
3970,25
3971,25
3972,25
3973,25
3974,25
3975,25
3976,25
3977,25
3978,25
3979,25
3980,22
3981,22
3982,22
3983,22
3984,22
3985,22
3986,22
3987,22
3988,22
3989,22
3990,22
3991,22
3992,22
3993,22
3994,22
3995,22
3996,22
3997,22
3998,22
3999,22
4000,22
4001,22
4002,22
4003,22
4004,22
4005,22
4006,22
4007,22
4008,22
4009,22
4010,22
4011,22
4012,22
4013,22
4014,22
4015,22
4016,22
4017,22
4018,22
4019,22
4020,22
4021,22
4022,22
4023,22
4024,22
4025,22
4026,22
4027,22
4028,22
4029,22
4030,22
4031,22
4032,22
4033,22
4034,22
4035,22
4036,22
4037,22
4038,22
